[2026-06-13 09:14:26] local.ERROR: SQLSTATE[42S02]: Base table or view not found: 1146 Table 'car_tracker.car_documents' doesn't exist (Connection: mysql, SQL: select `cars`.*, (select count(*) from `fuel_logs` where `cars`.`id` = `fuel_logs`.`car_id`) as `fuel_logs_count`, (select count(*) from `repairs` where `cars`.`id` = `repairs`.`car_id`) as `repairs_count`, (select count(*) from `mods` where `cars`.`id` = `mods`.`car_id`) as `mods_count`, (select count(*) from `car_documents` where `cars`.`id` = `car_documents`.`car_id`) as `documents_count`, (select count(*) from `wishlist_items` where `cars`.`id` = `wishlist_items`.`car_id`) as `wishlist_items_count`, (select sum(`fuel_logs`.`total_price`) from `fuel_logs` where `cars`.`id` = `fuel_logs`.`car_id`) as `fuel_logs_total_spent`, (select sum(`repairs`.`cost`) from `repairs` where `cars`.`id` = `repairs`.`car_id`) as `repairs_total_spent`, (select sum(`mods`.`cost`) from `mods` where `cars`.`id` = `mods`.`car_id`) as `mods_total_spent`, (select sum(`wishlist_items`.`estimated_price`) from `wishlist_items` where `cars`.`id` = `wishlist_items`.`car_id`) as `wishlist_total_estimated` from `cars` where `user_id` = 1 order by `brand` asc, `model` asc) {"userId":1,"exception":"[object] (Illuminate\\Database\\QueryException(code: 42S02): SQLSTATE[42S02]: Base table or view not found: 1146 Table 'car_tracker.car_documents' doesn't exist (Connection: mysql, SQL: select `cars`.*, (select count(*) from `fuel_logs` where `cars`.`id` = `fuel_logs`.`car_id`) as `fuel_logs_count`, (select count(*) from `repairs` where `cars`.`id` = `repairs`.`car_id`) as `repairs_count`, (select count(*) from `mods` where `cars`.`id` = `mods`.`car_id`) as `mods_count`, (select count(*) from `car_documents` where `cars`.`id` = `car_documents`.`car_id`) as `documents_count`, (select count(*) from `wishlist_items` where `cars`.`id` = `wishlist_items`.`car_id`) as `wishlist_items_count`, (select sum(`fuel_logs`.`total_price`) from `fuel_logs` where `cars`.`id` = `fuel_logs`.`car_id`) as `fuel_logs_total_spent`, (select sum(`repairs`.`cost`) from `repairs` where `cars`.`id` = `repairs`.`car_id`) as `repairs_total_spent`, (select sum(`mods`.`cost`) from `mods` where `cars`.`id` = `mods`.`car_id`) as `mods_total_spent`, (select sum(`wishlist_items`.`estimated_price`) from `wishlist_items` where `cars`.`id` = `wishlist_items`.`car_id`) as `wishlist_total_estimated` from `cars` where `user_id` = 1 order by `brand` asc, `model` asc) at /Users/denisbespalov/Documents/STrack/backend/vendor/laravel/framework/src/Illuminate/Database/Connection.php:825)
[stacktrace]
#0 /Users/denisbespalov/Documents/STrack/backend/vendor/laravel/framework/src/Illuminate/Database/Connection.php(779): Illuminate\\Database\\Connection->runQueryCallback('select `cars`.*...', Array, Object(Closure))
#1 /Users/denisbespalov/Documents/STrack/backend/vendor/laravel/framework/src/Illuminate/Database/Connection.php(398): Illuminate\\Database\\Connection->run('select `cars`.*...', Array, Object(Closure))
#2 /Users/denisbespalov/Documents/STrack/backend/vendor/laravel/framework/src/Illuminate/Database/Query/Builder.php(3106): Illuminate\\Database\\Connection->select('select `cars`.*...', Array, true)
#3 /Users/denisbespalov/Documents/STrack/backend/vendor/laravel/framework/src/Illuminate/Database/Query/Builder.php(3091): Illuminate\\Database\\Query\\Builder->runSelect()
#4 /Users/denisbespalov/Documents/STrack/backend/vendor/laravel/framework/src/Illuminate/Database/Query/Builder.php(3676): Illuminate\\Database\\Query\\Builder->{closure:Illuminate\\Database\\Query\\Builder::get():3090}()
#5 /Users/denisbespalov/Documents/STrack/backend/vendor/laravel/framework/src/Illuminate/Database/Query/Builder.php(3090): Illuminate\\Database\\Query\\Builder->onceWithColumns(Array, Object(Closure))
#6 /Users/denisbespalov/Documents/STrack/backend/vendor/laravel/framework/src/Illuminate/Database/Eloquent/Builder.php(811): Illuminate\\Database\\Query\\Builder->get(Array)
#7 /Users/denisbespalov/Documents/STrack/backend/vendor/laravel/framework/src/Illuminate/Database/Eloquent/Builder.php(793): Illuminate\\Database\\Eloquent\\Builder->getModels(Array)
#8 /Users/denisbespalov/Documents/STrack/backend/app/Http/Controllers/Api/CarController.php(34): Illuminate\\Database\\Eloquent\\Builder->get()
#9 /Users/denisbespalov/Documents/STrack/backend/vendor/laravel/framework/src/Illuminate/Routing/ControllerDispatcher.php(47): App\\Http\\Controllers\\Api\\CarController->index(Object(Illuminate\\Http\\Request))
#10 /Users/denisbespalov/Documents/STrack/backend/vendor/laravel/framework/src/Illuminate/Routing/Route.php(266): Illuminate\\Routing\\ControllerDispatcher->dispatch(Object(Illuminate\\Routing\\Route), Object(App\\Http\\Controllers\\Api\\CarController), 'index')
#11 /Users/denisbespalov/Documents/STrack/backend/vendor/laravel/framework/src/Illuminate/Routing/Route.php(212): Illuminate\\Routing\\Route->runController()
#12 /Users/denisbespalov/Documents/STrack/backend/vendor/laravel/framework/src/Illuminate/Routing/Router.php(808): Illuminate\\Routing\\Route->run()
#13 /Users/denisbespalov/Documents/STrack/backend/vendor/laravel/framework/src/Illuminate/Pipeline/Pipeline.php(170): Illuminate\\Routing\\Router->{closure:Illuminate\\Routing\\Router::runRouteWithinStack():807}(Object(Illuminate\\Http\\Request))
#14 /Users/denisbespalov/Documents/STrack/backend/vendor/laravel/framework/src/Illuminate/Routing/Middleware/SubstituteBindings.php(51): Illuminate\\Pipeline\\Pipeline->{closure:Illuminate\\Pipeline\\Pipeline::prepareDestination():168}(Object(Illuminate\\Http\\Request))
#15 /Users/denisbespalov/Documents/STrack/backend/vendor/laravel/framework/src/Illuminate/Pipeline/Pipeline.php(209): Illuminate\\Routing\\Middleware\\SubstituteBindings->handle(Object(Illuminate\\Http\\Request), Object(Closure))
#16 /Users/denisbespalov/Documents/STrack/backend/vendor/laravel/framework/src/Illuminate/Auth/Middleware/Authenticate.php(64): Illuminate\\Pipeline\\Pipeline->{closure:{closure:Illuminate\\Pipeline\\Pipeline::carry():184}:185}(Object(Illuminate\\Http\\Request))
#17 /Users/denisbespalov/Documents/STrack/backend/vendor/laravel/framework/src/Illuminate/Pipeline/Pipeline.php(209): Illuminate\\Auth\\Middleware\\Authenticate->handle(Object(Illuminate\\Http\\Request), Object(Closure), 'sanctum')
#18 /Users/denisbespalov/Documents/STrack/backend/vendor/laravel/framework/src/Illuminate/Pipeline/Pipeline.php(127): Illuminate\\Pipeline\\Pipeline->{closure:{closure:Illuminate\\Pipeline\\Pipeline::carry():184}:185}(Object(Illuminate\\Http\\Request))
#19 /Users/denisbespalov/Documents/STrack/backend/vendor/laravel/framework/src/Illuminate/Routing/Router.php(807): Illuminate\\Pipeline\\Pipeline->then(Object(Closure))
#20 /Users/denisbespalov/Documents/STrack/backend/vendor/laravel/framework/src/Illuminate/Routing/Router.php(786): Illuminate\\Routing\\Router->runRouteWithinStack(Object(Illuminate\\Routing\\Route), Object(Illuminate\\Http\\Request))
#21 /Users/denisbespalov/Documents/STrack/backend/vendor/laravel/framework/src/Illuminate/Routing/Router.php(750): Illuminate\\Routing\\Router->runRoute(Object(Illuminate\\Http\\Request), Object(Illuminate\\Routing\\Route))
#22 /Users/denisbespalov/Documents/STrack/backend/vendor/laravel/framework/src/Illuminate/Routing/Router.php(739): Illuminate\\Routing\\Router->dispatchToRoute(Object(Illuminate\\Http\\Request))
#23 /Users/denisbespalov/Documents/STrack/backend/vendor/laravel/framework/src/Illuminate/Foundation/Http/Kernel.php(201): Illuminate\\Routing\\Router->dispatch(Object(Illuminate\\Http\\Request))
#24 /Users/denisbespalov/Documents/STrack/backend/vendor/laravel/framework/src/Illuminate/Pipeline/Pipeline.php(170): Illuminate\\Foundation\\Http\\Kernel->{closure:Illuminate\\Foundation\\Http\\Kernel::dispatchToRouter():198}(Object(Illuminate\\Http\\Request))
#25 /Users/denisbespalov/Documents/STrack/backend/vendor/laravel/framework/src/Illuminate/Foundation/Http/Middleware/TransformsRequest.php(21): Illuminate\\Pipeline\\Pipeline->{closure:Illuminate\\Pipeline\\Pipeline::prepareDestination():168}(Object(Illuminate\\Http\\Request))
#26 /Users/denisbespalov/Documents/STrack/backend/vendor/laravel/framework/src/Illuminate/Foundation/Http/Middleware/ConvertEmptyStringsToNull.php(31): Illuminate\\Foundation\\Http\\Middleware\\TransformsRequest->handle(Object(Illuminate\\Http\\Request), Object(Closure))
#27 /Users/denisbespalov/Documents/STrack/backend/vendor/laravel/framework/src/Illuminate/Pipeline/Pipeline.php(209): Illuminate\\Foundation\\Http\\Middleware\\ConvertEmptyStringsToNull->handle(Object(Illuminate\\Http\\Request), Object(Closure))
#28 /Users/denisbespalov/Documents/STrack/backend/vendor/laravel/framework/src/Illuminate/Foundation/Http/Middleware/TransformsRequest.php(21): Illuminate\\Pipeline\\Pipeline->{closure:{closure:Illuminate\\Pipeline\\Pipeline::carry():184}:185}(Object(Illuminate\\Http\\Request))
#29 /Users/denisbespalov/Documents/STrack/backend/vendor/laravel/framework/src/Illuminate/Foundation/Http/Middleware/TrimStrings.php(51): Illuminate\\Foundation\\Http\\Middleware\\TransformsRequest->handle(Object(Illuminate\\Http\\Request), Object(Closure))
#30 /Users/denisbespalov/Documents/STrack/backend/vendor/laravel/framework/src/Illuminate/Pipeline/Pipeline.php(209): Illuminate\\Foundation\\Http\\Middleware\\TrimStrings->handle(Object(Illuminate\\Http\\Request), Object(Closure))
#31 /Users/denisbespalov/Documents/STrack/backend/vendor/laravel/framework/src/Illuminate/Http/Middleware/ValidatePostSize.php(27): Illuminate\\Pipeline\\Pipeline->{closure:{closure:Illuminate\\Pipeline\\Pipeline::carry():184}:185}(Object(Illuminate\\Http\\Request))
#32 /Users/denisbespalov/Documents/STrack/backend/vendor/laravel/framework/src/Illuminate/Pipeline/Pipeline.php(209): Illuminate\\Http\\Middleware\\ValidatePostSize->handle(Object(Illuminate\\Http\\Request), Object(Closure))
#33 /Users/denisbespalov/Documents/STrack/backend/vendor/laravel/framework/src/Illuminate/Foundation/Http/Middleware/PreventRequestsDuringMaintenance.php(110): Illuminate\\Pipeline\\Pipeline->{closure:{closure:Illuminate\\Pipeline\\Pipeline::carry():184}:185}(Object(Illuminate\\Http\\Request))
#34 /Users/denisbespalov/Documents/STrack/backend/vendor/laravel/framework/src/Illuminate/Pipeline/Pipeline.php(209): Illuminate\\Foundation\\Http\\Middleware\\PreventRequestsDuringMaintenance->handle(Object(Illuminate\\Http\\Request), Object(Closure))
#35 /Users/denisbespalov/Documents/STrack/backend/vendor/laravel/framework/src/Illuminate/Http/Middleware/HandleCors.php(62): Illuminate\\Pipeline\\Pipeline->{closure:{closure:Illuminate\\Pipeline\\Pipeline::carry():184}:185}(Object(Illuminate\\Http\\Request))
#36 /Users/denisbespalov/Documents/STrack/backend/vendor/laravel/framework/src/Illuminate/Pipeline/Pipeline.php(209): Illuminate\\Http\\Middleware\\HandleCors->handle(Object(Illuminate\\Http\\Request), Object(Closure))
#37 /Users/denisbespalov/Documents/STrack/backend/vendor/laravel/framework/src/Illuminate/Http/Middleware/TrustProxies.php(58): Illuminate\\Pipeline\\Pipeline->{closure:{closure:Illuminate\\Pipeline\\Pipeline::carry():184}:185}(Object(Illuminate\\Http\\Request))
#38 /Users/denisbespalov/Documents/STrack/backend/vendor/laravel/framework/src/Illuminate/Pipeline/Pipeline.php(209): Illuminate\\Http\\Middleware\\TrustProxies->handle(Object(Illuminate\\Http\\Request), Object(Closure))
#39 /Users/denisbespalov/Documents/STrack/backend/vendor/laravel/framework/src/Illuminate/Foundation/Http/Middleware/InvokeDeferredCallbacks.php(22): Illuminate\\Pipeline\\Pipeline->{closure:{closure:Illuminate\\Pipeline\\Pipeline::carry():184}:185}(Object(Illuminate\\Http\\Request))
#40 /Users/denisbespalov/Documents/STrack/backend/vendor/laravel/framework/src/Illuminate/Pipeline/Pipeline.php(209): Illuminate\\Foundation\\Http\\Middleware\\InvokeDeferredCallbacks->handle(Object(Illuminate\\Http\\Request), Object(Closure))
#41 /Users/denisbespalov/Documents/STrack/backend/app/Http/Middleware/SetSecurityHeaders.php(13): Illuminate\\Pipeline\\Pipeline->{closure:{closure:Illuminate\\Pipeline\\Pipeline::carry():184}:185}(Object(Illuminate\\Http\\Request))
#42 /Users/denisbespalov/Documents/STrack/backend/vendor/laravel/framework/src/Illuminate/Pipeline/Pipeline.php(209): App\\Http\\Middleware\\SetSecurityHeaders->handle(Object(Illuminate\\Http\\Request), Object(Closure))
#43 /Users/denisbespalov/Documents/STrack/backend/vendor/laravel/framework/src/Illuminate/Pipeline/Pipeline.php(127): Illuminate\\Pipeline\\Pipeline->{closure:{closure:Illuminate\\Pipeline\\Pipeline::carry():184}:185}(Object(Illuminate\\Http\\Request))
#44 /Users/denisbespalov/Documents/STrack/backend/vendor/laravel/framework/src/Illuminate/Foundation/Http/Kernel.php(176): Illuminate\\Pipeline\\Pipeline->then(Object(Closure))
#45 /Users/denisbespalov/Documents/STrack/backend/vendor/laravel/framework/src/Illuminate/Foundation/Http/Kernel.php(145): Illuminate\\Foundation\\Http\\Kernel->sendRequestThroughRouter(Object(Illuminate\\Http\\Request))
#46 /Users/denisbespalov/Documents/STrack/backend/vendor/laravel/framework/src/Illuminate/Foundation/Application.php(1220): Illuminate\\Foundation\\Http\\Kernel->handle(Object(Illuminate\\Http\\Request))
#47 /Users/denisbespalov/Documents/STrack/backend/public/index.php(14): Illuminate\\Foundation\\Application->handleRequest(Object(Illuminate\\Http\\Request))
#48 /Users/denisbespalov/Documents/STrack/backend/vendor/laravel/framework/src/Illuminate/Foundation/resources/server.php(23): require_once('/Users/denisbes...')
#49 {main}

[previous exception] [object] (PDOException(code: 42S02): SQLSTATE[42S02]: Base table or view not found: 1146 Table 'car_tracker.car_documents' doesn't exist at /Users/denisbespalov/Documents/STrack/backend/vendor/laravel/framework/src/Illuminate/Database/Connection.php:407)
[stacktrace]
#0 /Users/denisbespalov/Documents/STrack/backend/vendor/laravel/framework/src/Illuminate/Database/Connection.php(407): PDO->prepare('select `cars`.*...')
#1 /Users/denisbespalov/Documents/STrack/backend/vendor/laravel/framework/src/Illuminate/Database/Connection.php(812): Illuminate\\Database\\Connection->{closure:Illuminate\\Database\\Connection::select():398}('select `cars`.*...', Array)
#2 /Users/denisbespalov/Documents/STrack/backend/vendor/laravel/framework/src/Illuminate/Database/Connection.php(779): Illuminate\\Database\\Connection->runQueryCallback('select `cars`.*...', Array, Object(Closure))
#3 /Users/denisbespalov/Documents/STrack/backend/vendor/laravel/framework/src/Illuminate/Database/Connection.php(398): Illuminate\\Database\\Connection->run('select `cars`.*...', Array, Object(Closure))
#4 /Users/denisbespalov/Documents/STrack/backend/vendor/laravel/framework/src/Illuminate/Database/Query/Builder.php(3106): Illuminate\\Database\\Connection->select('select `cars`.*...', Array, true)
#5 /Users/denisbespalov/Documents/STrack/backend/vendor/laravel/framework/src/Illuminate/Database/Query/Builder.php(3091): Illuminate\\Database\\Query\\Builder->runSelect()
#6 /Users/denisbespalov/Documents/STrack/backend/vendor/laravel/framework/src/Illuminate/Database/Query/Builder.php(3676): Illuminate\\Database\\Query\\Builder->{closure:Illuminate\\Database\\Query\\Builder::get():3090}()
#7 /Users/denisbespalov/Documents/STrack/backend/vendor/laravel/framework/src/Illuminate/Database/Query/Builder.php(3090): Illuminate\\Database\\Query\\Builder->onceWithColumns(Array, Object(Closure))
#8 /Users/denisbespalov/Documents/STrack/backend/vendor/laravel/framework/src/Illuminate/Database/Eloquent/Builder.php(811): Illuminate\\Database\\Query\\Builder->get(Array)
#9 /Users/denisbespalov/Documents/STrack/backend/vendor/laravel/framework/src/Illuminate/Database/Eloquent/Builder.php(793): Illuminate\\Database\\Eloquent\\Builder->getModels(Array)
#10 /Users/denisbespalov/Documents/STrack/backend/app/Http/Controllers/Api/CarController.php(34): Illuminate\\Database\\Eloquent\\Builder->get()
#11 /Users/denisbespalov/Documents/STrack/backend/vendor/laravel/framework/src/Illuminate/Routing/ControllerDispatcher.php(47): App\\Http\\Controllers\\Api\\CarController->index(Object(Illuminate\\Http\\Request))
#12 /Users/denisbespalov/Documents/STrack/backend/vendor/laravel/framework/src/Illuminate/Routing/Route.php(266): Illuminate\\Routing\\ControllerDispatcher->dispatch(Object(Illuminate\\Routing\\Route), Object(App\\Http\\Controllers\\Api\\CarController), 'index')
#13 /Users/denisbespalov/Documents/STrack/backend/vendor/laravel/framework/src/Illuminate/Routing/Route.php(212): Illuminate\\Routing\\Route->runController()
#14 /Users/denisbespalov/Documents/STrack/backend/vendor/laravel/framework/src/Illuminate/Routing/Router.php(808): Illuminate\\Routing\\Route->run()
#15 /Users/denisbespalov/Documents/STrack/backend/vendor/laravel/framework/src/Illuminate/Pipeline/Pipeline.php(170): Illuminate\\Routing\\Router->{closure:Illuminate\\Routing\\Router::runRouteWithinStack():807}(Object(Illuminate\\Http\\Request))
#16 /Users/denisbespalov/Documents/STrack/backend/vendor/laravel/framework/src/Illuminate/Routing/Middleware/SubstituteBindings.php(51): Illuminate\\Pipeline\\Pipeline->{closure:Illuminate\\Pipeline\\Pipeline::prepareDestination():168}(Object(Illuminate\\Http\\Request))
#17 /Users/denisbespalov/Documents/STrack/backend/vendor/laravel/framework/src/Illuminate/Pipeline/Pipeline.php(209): Illuminate\\Routing\\Middleware\\SubstituteBindings->handle(Object(Illuminate\\Http\\Request), Object(Closure))
#18 /Users/denisbespalov/Documents/STrack/backend/vendor/laravel/framework/src/Illuminate/Auth/Middleware/Authenticate.php(64): Illuminate\\Pipeline\\Pipeline->{closure:{closure:Illuminate\\Pipeline\\Pipeline::carry():184}:185}(Object(Illuminate\\Http\\Request))
#19 /Users/denisbespalov/Documents/STrack/backend/vendor/laravel/framework/src/Illuminate/Pipeline/Pipeline.php(209): Illuminate\\Auth\\Middleware\\Authenticate->handle(Object(Illuminate\\Http\\Request), Object(Closure), 'sanctum')
#20 /Users/denisbespalov/Documents/STrack/backend/vendor/laravel/framework/src/Illuminate/Pipeline/Pipeline.php(127): Illuminate\\Pipeline\\Pipeline->{closure:{closure:Illuminate\\Pipeline\\Pipeline::carry():184}:185}(Object(Illuminate\\Http\\Request))
#21 /Users/denisbespalov/Documents/STrack/backend/vendor/laravel/framework/src/Illuminate/Routing/Router.php(807): Illuminate\\Pipeline\\Pipeline->then(Object(Closure))
#22 /Users/denisbespalov/Documents/STrack/backend/vendor/laravel/framework/src/Illuminate/Routing/Router.php(786): Illuminate\\Routing\\Router->runRouteWithinStack(Object(Illuminate\\Routing\\Route), Object(Illuminate\\Http\\Request))
#23 /Users/denisbespalov/Documents/STrack/backend/vendor/laravel/framework/src/Illuminate/Routing/Router.php(750): Illuminate\\Routing\\Router->runRoute(Object(Illuminate\\Http\\Request), Object(Illuminate\\Routing\\Route))
#24 /Users/denisbespalov/Documents/STrack/backend/vendor/laravel/framework/src/Illuminate/Routing/Router.php(739): Illuminate\\Routing\\Router->dispatchToRoute(Object(Illuminate\\Http\\Request))
#25 /Users/denisbespalov/Documents/STrack/backend/vendor/laravel/framework/src/Illuminate/Foundation/Http/Kernel.php(201): Illuminate\\Routing\\Router->dispatch(Object(Illuminate\\Http\\Request))
#26 /Users/denisbespalov/Documents/STrack/backend/vendor/laravel/framework/src/Illuminate/Pipeline/Pipeline.php(170): Illuminate\\Foundation\\Http\\Kernel->{closure:Illuminate\\Foundation\\Http\\Kernel::dispatchToRouter():198}(Object(Illuminate\\Http\\Request))
#27 /Users/denisbespalov/Documents/STrack/backend/vendor/laravel/framework/src/Illuminate/Foundation/Http/Middleware/TransformsRequest.php(21): Illuminate\\Pipeline\\Pipeline->{closure:Illuminate\\Pipeline\\Pipeline::prepareDestination():168}(Object(Illuminate\\Http\\Request))
#28 /Users/denisbespalov/Documents/STrack/backend/vendor/laravel/framework/src/Illuminate/Foundation/Http/Middleware/ConvertEmptyStringsToNull.php(31): Illuminate\\Foundation\\Http\\Middleware\\TransformsRequest->handle(Object(Illuminate\\Http\\Request), Object(Closure))
#29 /Users/denisbespalov/Documents/STrack/backend/vendor/laravel/framework/src/Illuminate/Pipeline/Pipeline.php(209): Illuminate\\Foundation\\Http\\Middleware\\ConvertEmptyStringsToNull->handle(Object(Illuminate\\Http\\Request), Object(Closure))
#30 /Users/denisbespalov/Documents/STrack/backend/vendor/laravel/framework/src/Illuminate/Foundation/Http/Middleware/TransformsRequest.php(21): Illuminate\\Pipeline\\Pipeline->{closure:{closure:Illuminate\\Pipeline\\Pipeline::carry():184}:185}(Object(Illuminate\\Http\\Request))
#31 /Users/denisbespalov/Documents/STrack/backend/vendor/laravel/framework/src/Illuminate/Foundation/Http/Middleware/TrimStrings.php(51): Illuminate\\Foundation\\Http\\Middleware\\TransformsRequest->handle(Object(Illuminate\\Http\\Request), Object(Closure))
#32 /Users/denisbespalov/Documents/STrack/backend/vendor/laravel/framework/src/Illuminate/Pipeline/Pipeline.php(209): Illuminate\\Foundation\\Http\\Middleware\\TrimStrings->handle(Object(Illuminate\\Http\\Request), Object(Closure))
#33 /Users/denisbespalov/Documents/STrack/backend/vendor/laravel/framework/src/Illuminate/Http/Middleware/ValidatePostSize.php(27): Illuminate\\Pipeline\\Pipeline->{closure:{closure:Illuminate\\Pipeline\\Pipeline::carry():184}:185}(Object(Illuminate\\Http\\Request))
#34 /Users/denisbespalov/Documents/STrack/backend/vendor/laravel/framework/src/Illuminate/Pipeline/Pipeline.php(209): Illuminate\\Http\\Middleware\\ValidatePostSize->handle(Object(Illuminate\\Http\\Request), Object(Closure))
#35 /Users/denisbespalov/Documents/STrack/backend/vendor/laravel/framework/src/Illuminate/Foundation/Http/Middleware/PreventRequestsDuringMaintenance.php(110): Illuminate\\Pipeline\\Pipeline->{closure:{closure:Illuminate\\Pipeline\\Pipeline::carry():184}:185}(Object(Illuminate\\Http\\Request))
#36 /Users/denisbespalov/Documents/STrack/backend/vendor/laravel/framework/src/Illuminate/Pipeline/Pipeline.php(209): Illuminate\\Foundation\\Http\\Middleware\\PreventRequestsDuringMaintenance->handle(Object(Illuminate\\Http\\Request), Object(Closure))
#37 /Users/denisbespalov/Documents/STrack/backend/vendor/laravel/framework/src/Illuminate/Http/Middleware/HandleCors.php(62): Illuminate\\Pipeline\\Pipeline->{closure:{closure:Illuminate\\Pipeline\\Pipeline::carry():184}:185}(Object(Illuminate\\Http\\Request))
#38 /Users/denisbespalov/Documents/STrack/backend/vendor/laravel/framework/src/Illuminate/Pipeline/Pipeline.php(209): Illuminate\\Http\\Middleware\\HandleCors->handle(Object(Illuminate\\Http\\Request), Object(Closure))
#39 /Users/denisbespalov/Documents/STrack/backend/vendor/laravel/framework/src/Illuminate/Http/Middleware/TrustProxies.php(58): Illuminate\\Pipeline\\Pipeline->{closure:{closure:Illuminate\\Pipeline\\Pipeline::carry():184}:185}(Object(Illuminate\\Http\\Request))
#40 /Users/denisbespalov/Documents/STrack/backend/vendor/laravel/framework/src/Illuminate/Pipeline/Pipeline.php(209): Illuminate\\Http\\Middleware\\TrustProxies->handle(Object(Illuminate\\Http\\Request), Object(Closure))
#41 /Users/denisbespalov/Documents/STrack/backend/vendor/laravel/framework/src/Illuminate/Foundation/Http/Middleware/InvokeDeferredCallbacks.php(22): Illuminate\\Pipeline\\Pipeline->{closure:{closure:Illuminate\\Pipeline\\Pipeline::carry():184}:185}(Object(Illuminate\\Http\\Request))
#42 /Users/denisbespalov/Documents/STrack/backend/vendor/laravel/framework/src/Illuminate/Pipeline/Pipeline.php(209): Illuminate\\Foundation\\Http\\Middleware\\InvokeDeferredCallbacks->handle(Object(Illuminate\\Http\\Request), Object(Closure))
#43 /Users/denisbespalov/Documents/STrack/backend/app/Http/Middleware/SetSecurityHeaders.php(13): Illuminate\\Pipeline\\Pipeline->{closure:{closure:Illuminate\\Pipeline\\Pipeline::carry():184}:185}(Object(Illuminate\\Http\\Request))
#44 /Users/denisbespalov/Documents/STrack/backend/vendor/laravel/framework/src/Illuminate/Pipeline/Pipeline.php(209): App\\Http\\Middleware\\SetSecurityHeaders->handle(Object(Illuminate\\Http\\Request), Object(Closure))
#45 /Users/denisbespalov/Documents/STrack/backend/vendor/laravel/framework/src/Illuminate/Pipeline/Pipeline.php(127): Illuminate\\Pipeline\\Pipeline->{closure:{closure:Illuminate\\Pipeline\\Pipeline::carry():184}:185}(Object(Illuminate\\Http\\Request))
#46 /Users/denisbespalov/Documents/STrack/backend/vendor/laravel/framework/src/Illuminate/Foundation/Http/Kernel.php(176): Illuminate\\Pipeline\\Pipeline->then(Object(Closure))
#47 /Users/denisbespalov/Documents/STrack/backend/vendor/laravel/framework/src/Illuminate/Foundation/Http/Kernel.php(145): Illuminate\\Foundation\\Http\\Kernel->sendRequestThroughRouter(Object(Illuminate\\Http\\Request))
#48 /Users/denisbespalov/Documents/STrack/backend/vendor/laravel/framework/src/Illuminate/Foundation/Application.php(1220): Illuminate\\Foundation\\Http\\Kernel->handle(Object(Illuminate\\Http\\Request))
#49 /Users/denisbespalov/Documents/STrack/backend/public/index.php(14): Illuminate\\Foundation\\Application->handleRequest(Object(Illuminate\\Http\\Request))
#50 /Users/denisbespalov/Documents/STrack/backend/vendor/laravel/framework/src/Illuminate/Foundation/resources/server.php(23): require_once('/Users/denisbes...')
#51 {main}
"} 
[2026-06-13 09:14:48] local.ERROR: SQLSTATE[42S02]: Base table or view not found: 1146 Table 'car_tracker.car_documents' doesn't exist (Connection: mysql, SQL: select `cars`.*, (select count(*) from `fuel_logs` where `cars`.`id` = `fuel_logs`.`car_id`) as `fuel_logs_count`, (select count(*) from `repairs` where `cars`.`id` = `repairs`.`car_id`) as `repairs_count`, (select count(*) from `mods` where `cars`.`id` = `mods`.`car_id`) as `mods_count`, (select count(*) from `car_documents` where `cars`.`id` = `car_documents`.`car_id`) as `documents_count`, (select count(*) from `wishlist_items` where `cars`.`id` = `wishlist_items`.`car_id`) as `wishlist_items_count`, (select sum(`fuel_logs`.`total_price`) from `fuel_logs` where `cars`.`id` = `fuel_logs`.`car_id`) as `fuel_logs_total_spent`, (select sum(`repairs`.`cost`) from `repairs` where `cars`.`id` = `repairs`.`car_id`) as `repairs_total_spent`, (select sum(`mods`.`cost`) from `mods` where `cars`.`id` = `mods`.`car_id`) as `mods_total_spent`, (select sum(`wishlist_items`.`estimated_price`) from `wishlist_items` where `cars`.`id` = `wishlist_items`.`car_id`) as `wishlist_total_estimated` from `cars` where `user_id` = 1 order by `brand` asc, `model` asc) {"userId":1,"exception":"[object] (Illuminate\\Database\\QueryException(code: 42S02): SQLSTATE[42S02]: Base table or view not found: 1146 Table 'car_tracker.car_documents' doesn't exist (Connection: mysql, SQL: select `cars`.*, (select count(*) from `fuel_logs` where `cars`.`id` = `fuel_logs`.`car_id`) as `fuel_logs_count`, (select count(*) from `repairs` where `cars`.`id` = `repairs`.`car_id`) as `repairs_count`, (select count(*) from `mods` where `cars`.`id` = `mods`.`car_id`) as `mods_count`, (select count(*) from `car_documents` where `cars`.`id` = `car_documents`.`car_id`) as `documents_count`, (select count(*) from `wishlist_items` where `cars`.`id` = `wishlist_items`.`car_id`) as `wishlist_items_count`, (select sum(`fuel_logs`.`total_price`) from `fuel_logs` where `cars`.`id` = `fuel_logs`.`car_id`) as `fuel_logs_total_spent`, (select sum(`repairs`.`cost`) from `repairs` where `cars`.`id` = `repairs`.`car_id`) as `repairs_total_spent`, (select sum(`mods`.`cost`) from `mods` where `cars`.`id` = `mods`.`car_id`) as `mods_total_spent`, (select sum(`wishlist_items`.`estimated_price`) from `wishlist_items` where `cars`.`id` = `wishlist_items`.`car_id`) as `wishlist_total_estimated` from `cars` where `user_id` = 1 order by `brand` asc, `model` asc) at /Users/denisbespalov/Documents/STrack/backend/vendor/laravel/framework/src/Illuminate/Database/Connection.php:825)
[stacktrace]
#0 /Users/denisbespalov/Documents/STrack/backend/vendor/laravel/framework/src/Illuminate/Database/Connection.php(779): Illuminate\\Database\\Connection->runQueryCallback('select `cars`.*...', Array, Object(Closure))
#1 /Users/denisbespalov/Documents/STrack/backend/vendor/laravel/framework/src/Illuminate/Database/Connection.php(398): Illuminate\\Database\\Connection->run('select `cars`.*...', Array, Object(Closure))
#2 /Users/denisbespalov/Documents/STrack/backend/vendor/laravel/framework/src/Illuminate/Database/Query/Builder.php(3106): Illuminate\\Database\\Connection->select('select `cars`.*...', Array, true)
#3 /Users/denisbespalov/Documents/STrack/backend/vendor/laravel/framework/src/Illuminate/Database/Query/Builder.php(3091): Illuminate\\Database\\Query\\Builder->runSelect()
#4 /Users/denisbespalov/Documents/STrack/backend/vendor/laravel/framework/src/Illuminate/Database/Query/Builder.php(3676): Illuminate\\Database\\Query\\Builder->{closure:Illuminate\\Database\\Query\\Builder::get():3090}()
#5 /Users/denisbespalov/Documents/STrack/backend/vendor/laravel/framework/src/Illuminate/Database/Query/Builder.php(3090): Illuminate\\Database\\Query\\Builder->onceWithColumns(Array, Object(Closure))
#6 /Users/denisbespalov/Documents/STrack/backend/vendor/laravel/framework/src/Illuminate/Database/Eloquent/Builder.php(811): Illuminate\\Database\\Query\\Builder->get(Array)
#7 /Users/denisbespalov/Documents/STrack/backend/vendor/laravel/framework/src/Illuminate/Database/Eloquent/Builder.php(793): Illuminate\\Database\\Eloquent\\Builder->getModels(Array)
#8 /Users/denisbespalov/Documents/STrack/backend/app/Http/Controllers/Api/CarController.php(34): Illuminate\\Database\\Eloquent\\Builder->get()
#9 /Users/denisbespalov/Documents/STrack/backend/vendor/laravel/framework/src/Illuminate/Routing/ControllerDispatcher.php(47): App\\Http\\Controllers\\Api\\CarController->index(Object(Illuminate\\Http\\Request))
#10 /Users/denisbespalov/Documents/STrack/backend/vendor/laravel/framework/src/Illuminate/Routing/Route.php(266): Illuminate\\Routing\\ControllerDispatcher->dispatch(Object(Illuminate\\Routing\\Route), Object(App\\Http\\Controllers\\Api\\CarController), 'index')
#11 /Users/denisbespalov/Documents/STrack/backend/vendor/laravel/framework/src/Illuminate/Routing/Route.php(212): Illuminate\\Routing\\Route->runController()
#12 /Users/denisbespalov/Documents/STrack/backend/vendor/laravel/framework/src/Illuminate/Routing/Router.php(808): Illuminate\\Routing\\Route->run()
#13 /Users/denisbespalov/Documents/STrack/backend/vendor/laravel/framework/src/Illuminate/Pipeline/Pipeline.php(170): Illuminate\\Routing\\Router->{closure:Illuminate\\Routing\\Router::runRouteWithinStack():807}(Object(Illuminate\\Http\\Request))
#14 /Users/denisbespalov/Documents/STrack/backend/vendor/laravel/framework/src/Illuminate/Routing/Middleware/SubstituteBindings.php(51): Illuminate\\Pipeline\\Pipeline->{closure:Illuminate\\Pipeline\\Pipeline::prepareDestination():168}(Object(Illuminate\\Http\\Request))
#15 /Users/denisbespalov/Documents/STrack/backend/vendor/laravel/framework/src/Illuminate/Pipeline/Pipeline.php(209): Illuminate\\Routing\\Middleware\\SubstituteBindings->handle(Object(Illuminate\\Http\\Request), Object(Closure))
#16 /Users/denisbespalov/Documents/STrack/backend/vendor/laravel/framework/src/Illuminate/Auth/Middleware/Authenticate.php(64): Illuminate\\Pipeline\\Pipeline->{closure:{closure:Illuminate\\Pipeline\\Pipeline::carry():184}:185}(Object(Illuminate\\Http\\Request))
#17 /Users/denisbespalov/Documents/STrack/backend/vendor/laravel/framework/src/Illuminate/Pipeline/Pipeline.php(209): Illuminate\\Auth\\Middleware\\Authenticate->handle(Object(Illuminate\\Http\\Request), Object(Closure), 'sanctum')
#18 /Users/denisbespalov/Documents/STrack/backend/vendor/laravel/framework/src/Illuminate/Pipeline/Pipeline.php(127): Illuminate\\Pipeline\\Pipeline->{closure:{closure:Illuminate\\Pipeline\\Pipeline::carry():184}:185}(Object(Illuminate\\Http\\Request))
#19 /Users/denisbespalov/Documents/STrack/backend/vendor/laravel/framework/src/Illuminate/Routing/Router.php(807): Illuminate\\Pipeline\\Pipeline->then(Object(Closure))
#20 /Users/denisbespalov/Documents/STrack/backend/vendor/laravel/framework/src/Illuminate/Routing/Router.php(786): Illuminate\\Routing\\Router->runRouteWithinStack(Object(Illuminate\\Routing\\Route), Object(Illuminate\\Http\\Request))
#21 /Users/denisbespalov/Documents/STrack/backend/vendor/laravel/framework/src/Illuminate/Routing/Router.php(750): Illuminate\\Routing\\Router->runRoute(Object(Illuminate\\Http\\Request), Object(Illuminate\\Routing\\Route))
#22 /Users/denisbespalov/Documents/STrack/backend/vendor/laravel/framework/src/Illuminate/Routing/Router.php(739): Illuminate\\Routing\\Router->dispatchToRoute(Object(Illuminate\\Http\\Request))
#23 /Users/denisbespalov/Documents/STrack/backend/vendor/laravel/framework/src/Illuminate/Foundation/Http/Kernel.php(201): Illuminate\\Routing\\Router->dispatch(Object(Illuminate\\Http\\Request))
#24 /Users/denisbespalov/Documents/STrack/backend/vendor/laravel/framework/src/Illuminate/Pipeline/Pipeline.php(170): Illuminate\\Foundation\\Http\\Kernel->{closure:Illuminate\\Foundation\\Http\\Kernel::dispatchToRouter():198}(Object(Illuminate\\Http\\Request))
#25 /Users/denisbespalov/Documents/STrack/backend/vendor/laravel/framework/src/Illuminate/Foundation/Http/Middleware/TransformsRequest.php(21): Illuminate\\Pipeline\\Pipeline->{closure:Illuminate\\Pipeline\\Pipeline::prepareDestination():168}(Object(Illuminate\\Http\\Request))
#26 /Users/denisbespalov/Documents/STrack/backend/vendor/laravel/framework/src/Illuminate/Foundation/Http/Middleware/ConvertEmptyStringsToNull.php(31): Illuminate\\Foundation\\Http\\Middleware\\TransformsRequest->handle(Object(Illuminate\\Http\\Request), Object(Closure))
#27 /Users/denisbespalov/Documents/STrack/backend/vendor/laravel/framework/src/Illuminate/Pipeline/Pipeline.php(209): Illuminate\\Foundation\\Http\\Middleware\\ConvertEmptyStringsToNull->handle(Object(Illuminate\\Http\\Request), Object(Closure))
#28 /Users/denisbespalov/Documents/STrack/backend/vendor/laravel/framework/src/Illuminate/Foundation/Http/Middleware/TransformsRequest.php(21): Illuminate\\Pipeline\\Pipeline->{closure:{closure:Illuminate\\Pipeline\\Pipeline::carry():184}:185}(Object(Illuminate\\Http\\Request))
#29 /Users/denisbespalov/Documents/STrack/backend/vendor/laravel/framework/src/Illuminate/Foundation/Http/Middleware/TrimStrings.php(51): Illuminate\\Foundation\\Http\\Middleware\\TransformsRequest->handle(Object(Illuminate\\Http\\Request), Object(Closure))
#30 /Users/denisbespalov/Documents/STrack/backend/vendor/laravel/framework/src/Illuminate/Pipeline/Pipeline.php(209): Illuminate\\Foundation\\Http\\Middleware\\TrimStrings->handle(Object(Illuminate\\Http\\Request), Object(Closure))
#31 /Users/denisbespalov/Documents/STrack/backend/vendor/laravel/framework/src/Illuminate/Http/Middleware/ValidatePostSize.php(27): Illuminate\\Pipeline\\Pipeline->{closure:{closure:Illuminate\\Pipeline\\Pipeline::carry():184}:185}(Object(Illuminate\\Http\\Request))
#32 /Users/denisbespalov/Documents/STrack/backend/vendor/laravel/framework/src/Illuminate/Pipeline/Pipeline.php(209): Illuminate\\Http\\Middleware\\ValidatePostSize->handle(Object(Illuminate\\Http\\Request), Object(Closure))
#33 /Users/denisbespalov/Documents/STrack/backend/vendor/laravel/framework/src/Illuminate/Foundation/Http/Middleware/PreventRequestsDuringMaintenance.php(110): Illuminate\\Pipeline\\Pipeline->{closure:{closure:Illuminate\\Pipeline\\Pipeline::carry():184}:185}(Object(Illuminate\\Http\\Request))
#34 /Users/denisbespalov/Documents/STrack/backend/vendor/laravel/framework/src/Illuminate/Pipeline/Pipeline.php(209): Illuminate\\Foundation\\Http\\Middleware\\PreventRequestsDuringMaintenance->handle(Object(Illuminate\\Http\\Request), Object(Closure))
#35 /Users/denisbespalov/Documents/STrack/backend/vendor/laravel/framework/src/Illuminate/Http/Middleware/HandleCors.php(62): Illuminate\\Pipeline\\Pipeline->{closure:{closure:Illuminate\\Pipeline\\Pipeline::carry():184}:185}(Object(Illuminate\\Http\\Request))
#36 /Users/denisbespalov/Documents/STrack/backend/vendor/laravel/framework/src/Illuminate/Pipeline/Pipeline.php(209): Illuminate\\Http\\Middleware\\HandleCors->handle(Object(Illuminate\\Http\\Request), Object(Closure))
#37 /Users/denisbespalov/Documents/STrack/backend/vendor/laravel/framework/src/Illuminate/Http/Middleware/TrustProxies.php(58): Illuminate\\Pipeline\\Pipeline->{closure:{closure:Illuminate\\Pipeline\\Pipeline::carry():184}:185}(Object(Illuminate\\Http\\Request))
#38 /Users/denisbespalov/Documents/STrack/backend/vendor/laravel/framework/src/Illuminate/Pipeline/Pipeline.php(209): Illuminate\\Http\\Middleware\\TrustProxies->handle(Object(Illuminate\\Http\\Request), Object(Closure))
#39 /Users/denisbespalov/Documents/STrack/backend/vendor/laravel/framework/src/Illuminate/Foundation/Http/Middleware/InvokeDeferredCallbacks.php(22): Illuminate\\Pipeline\\Pipeline->{closure:{closure:Illuminate\\Pipeline\\Pipeline::carry():184}:185}(Object(Illuminate\\Http\\Request))
#40 /Users/denisbespalov/Documents/STrack/backend/vendor/laravel/framework/src/Illuminate/Pipeline/Pipeline.php(209): Illuminate\\Foundation\\Http\\Middleware\\InvokeDeferredCallbacks->handle(Object(Illuminate\\Http\\Request), Object(Closure))
#41 /Users/denisbespalov/Documents/STrack/backend/app/Http/Middleware/SetSecurityHeaders.php(13): Illuminate\\Pipeline\\Pipeline->{closure:{closure:Illuminate\\Pipeline\\Pipeline::carry():184}:185}(Object(Illuminate\\Http\\Request))
#42 /Users/denisbespalov/Documents/STrack/backend/vendor/laravel/framework/src/Illuminate/Pipeline/Pipeline.php(209): App\\Http\\Middleware\\SetSecurityHeaders->handle(Object(Illuminate\\Http\\Request), Object(Closure))
#43 /Users/denisbespalov/Documents/STrack/backend/vendor/laravel/framework/src/Illuminate/Pipeline/Pipeline.php(127): Illuminate\\Pipeline\\Pipeline->{closure:{closure:Illuminate\\Pipeline\\Pipeline::carry():184}:185}(Object(Illuminate\\Http\\Request))
#44 /Users/denisbespalov/Documents/STrack/backend/vendor/laravel/framework/src/Illuminate/Foundation/Http/Kernel.php(176): Illuminate\\Pipeline\\Pipeline->then(Object(Closure))
#45 /Users/denisbespalov/Documents/STrack/backend/vendor/laravel/framework/src/Illuminate/Foundation/Http/Kernel.php(145): Illuminate\\Foundation\\Http\\Kernel->sendRequestThroughRouter(Object(Illuminate\\Http\\Request))
#46 /Users/denisbespalov/Documents/STrack/backend/vendor/laravel/framework/src/Illuminate/Foundation/Application.php(1220): Illuminate\\Foundation\\Http\\Kernel->handle(Object(Illuminate\\Http\\Request))
#47 /Users/denisbespalov/Documents/STrack/backend/public/index.php(14): Illuminate\\Foundation\\Application->handleRequest(Object(Illuminate\\Http\\Request))
#48 /Users/denisbespalov/Documents/STrack/backend/vendor/laravel/framework/src/Illuminate/Foundation/resources/server.php(23): require_once('/Users/denisbes...')
#49 {main}

[previous exception] [object] (PDOException(code: 42S02): SQLSTATE[42S02]: Base table or view not found: 1146 Table 'car_tracker.car_documents' doesn't exist at /Users/denisbespalov/Documents/STrack/backend/vendor/laravel/framework/src/Illuminate/Database/Connection.php:407)
[stacktrace]
#0 /Users/denisbespalov/Documents/STrack/backend/vendor/laravel/framework/src/Illuminate/Database/Connection.php(407): PDO->prepare('select `cars`.*...')
#1 /Users/denisbespalov/Documents/STrack/backend/vendor/laravel/framework/src/Illuminate/Database/Connection.php(812): Illuminate\\Database\\Connection->{closure:Illuminate\\Database\\Connection::select():398}('select `cars`.*...', Array)
#2 /Users/denisbespalov/Documents/STrack/backend/vendor/laravel/framework/src/Illuminate/Database/Connection.php(779): Illuminate\\Database\\Connection->runQueryCallback('select `cars`.*...', Array, Object(Closure))
#3 /Users/denisbespalov/Documents/STrack/backend/vendor/laravel/framework/src/Illuminate/Database/Connection.php(398): Illuminate\\Database\\Connection->run('select `cars`.*...', Array, Object(Closure))
#4 /Users/denisbespalov/Documents/STrack/backend/vendor/laravel/framework/src/Illuminate/Database/Query/Builder.php(3106): Illuminate\\Database\\Connection->select('select `cars`.*...', Array, true)
#5 /Users/denisbespalov/Documents/STrack/backend/vendor/laravel/framework/src/Illuminate/Database/Query/Builder.php(3091): Illuminate\\Database\\Query\\Builder->runSelect()
#6 /Users/denisbespalov/Documents/STrack/backend/vendor/laravel/framework/src/Illuminate/Database/Query/Builder.php(3676): Illuminate\\Database\\Query\\Builder->{closure:Illuminate\\Database\\Query\\Builder::get():3090}()
#7 /Users/denisbespalov/Documents/STrack/backend/vendor/laravel/framework/src/Illuminate/Database/Query/Builder.php(3090): Illuminate\\Database\\Query\\Builder->onceWithColumns(Array, Object(Closure))
#8 /Users/denisbespalov/Documents/STrack/backend/vendor/laravel/framework/src/Illuminate/Database/Eloquent/Builder.php(811): Illuminate\\Database\\Query\\Builder->get(Array)
#9 /Users/denisbespalov/Documents/STrack/backend/vendor/laravel/framework/src/Illuminate/Database/Eloquent/Builder.php(793): Illuminate\\Database\\Eloquent\\Builder->getModels(Array)
#10 /Users/denisbespalov/Documents/STrack/backend/app/Http/Controllers/Api/CarController.php(34): Illuminate\\Database\\Eloquent\\Builder->get()
#11 /Users/denisbespalov/Documents/STrack/backend/vendor/laravel/framework/src/Illuminate/Routing/ControllerDispatcher.php(47): App\\Http\\Controllers\\Api\\CarController->index(Object(Illuminate\\Http\\Request))
#12 /Users/denisbespalov/Documents/STrack/backend/vendor/laravel/framework/src/Illuminate/Routing/Route.php(266): Illuminate\\Routing\\ControllerDispatcher->dispatch(Object(Illuminate\\Routing\\Route), Object(App\\Http\\Controllers\\Api\\CarController), 'index')
#13 /Users/denisbespalov/Documents/STrack/backend/vendor/laravel/framework/src/Illuminate/Routing/Route.php(212): Illuminate\\Routing\\Route->runController()
#14 /Users/denisbespalov/Documents/STrack/backend/vendor/laravel/framework/src/Illuminate/Routing/Router.php(808): Illuminate\\Routing\\Route->run()
#15 /Users/denisbespalov/Documents/STrack/backend/vendor/laravel/framework/src/Illuminate/Pipeline/Pipeline.php(170): Illuminate\\Routing\\Router->{closure:Illuminate\\Routing\\Router::runRouteWithinStack():807}(Object(Illuminate\\Http\\Request))
#16 /Users/denisbespalov/Documents/STrack/backend/vendor/laravel/framework/src/Illuminate/Routing/Middleware/SubstituteBindings.php(51): Illuminate\\Pipeline\\Pipeline->{closure:Illuminate\\Pipeline\\Pipeline::prepareDestination():168}(Object(Illuminate\\Http\\Request))
#17 /Users/denisbespalov/Documents/STrack/backend/vendor/laravel/framework/src/Illuminate/Pipeline/Pipeline.php(209): Illuminate\\Routing\\Middleware\\SubstituteBindings->handle(Object(Illuminate\\Http\\Request), Object(Closure))
#18 /Users/denisbespalov/Documents/STrack/backend/vendor/laravel/framework/src/Illuminate/Auth/Middleware/Authenticate.php(64): Illuminate\\Pipeline\\Pipeline->{closure:{closure:Illuminate\\Pipeline\\Pipeline::carry():184}:185}(Object(Illuminate\\Http\\Request))
#19 /Users/denisbespalov/Documents/STrack/backend/vendor/laravel/framework/src/Illuminate/Pipeline/Pipeline.php(209): Illuminate\\Auth\\Middleware\\Authenticate->handle(Object(Illuminate\\Http\\Request), Object(Closure), 'sanctum')
#20 /Users/denisbespalov/Documents/STrack/backend/vendor/laravel/framework/src/Illuminate/Pipeline/Pipeline.php(127): Illuminate\\Pipeline\\Pipeline->{closure:{closure:Illuminate\\Pipeline\\Pipeline::carry():184}:185}(Object(Illuminate\\Http\\Request))
#21 /Users/denisbespalov/Documents/STrack/backend/vendor/laravel/framework/src/Illuminate/Routing/Router.php(807): Illuminate\\Pipeline\\Pipeline->then(Object(Closure))
#22 /Users/denisbespalov/Documents/STrack/backend/vendor/laravel/framework/src/Illuminate/Routing/Router.php(786): Illuminate\\Routing\\Router->runRouteWithinStack(Object(Illuminate\\Routing\\Route), Object(Illuminate\\Http\\Request))
#23 /Users/denisbespalov/Documents/STrack/backend/vendor/laravel/framework/src/Illuminate/Routing/Router.php(750): Illuminate\\Routing\\Router->runRoute(Object(Illuminate\\Http\\Request), Object(Illuminate\\Routing\\Route))
#24 /Users/denisbespalov/Documents/STrack/backend/vendor/laravel/framework/src/Illuminate/Routing/Router.php(739): Illuminate\\Routing\\Router->dispatchToRoute(Object(Illuminate\\Http\\Request))
#25 /Users/denisbespalov/Documents/STrack/backend/vendor/laravel/framework/src/Illuminate/Foundation/Http/Kernel.php(201): Illuminate\\Routing\\Router->dispatch(Object(Illuminate\\Http\\Request))
#26 /Users/denisbespalov/Documents/STrack/backend/vendor/laravel/framework/src/Illuminate/Pipeline/Pipeline.php(170): Illuminate\\Foundation\\Http\\Kernel->{closure:Illuminate\\Foundation\\Http\\Kernel::dispatchToRouter():198}(Object(Illuminate\\Http\\Request))
#27 /Users/denisbespalov/Documents/STrack/backend/vendor/laravel/framework/src/Illuminate/Foundation/Http/Middleware/TransformsRequest.php(21): Illuminate\\Pipeline\\Pipeline->{closure:Illuminate\\Pipeline\\Pipeline::prepareDestination():168}(Object(Illuminate\\Http\\Request))
#28 /Users/denisbespalov/Documents/STrack/backend/vendor/laravel/framework/src/Illuminate/Foundation/Http/Middleware/ConvertEmptyStringsToNull.php(31): Illuminate\\Foundation\\Http\\Middleware\\TransformsRequest->handle(Object(Illuminate\\Http\\Request), Object(Closure))
#29 /Users/denisbespalov/Documents/STrack/backend/vendor/laravel/framework/src/Illuminate/Pipeline/Pipeline.php(209): Illuminate\\Foundation\\Http\\Middleware\\ConvertEmptyStringsToNull->handle(Object(Illuminate\\Http\\Request), Object(Closure))
#30 /Users/denisbespalov/Documents/STrack/backend/vendor/laravel/framework/src/Illuminate/Foundation/Http/Middleware/TransformsRequest.php(21): Illuminate\\Pipeline\\Pipeline->{closure:{closure:Illuminate\\Pipeline\\Pipeline::carry():184}:185}(Object(Illuminate\\Http\\Request))
#31 /Users/denisbespalov/Documents/STrack/backend/vendor/laravel/framework/src/Illuminate/Foundation/Http/Middleware/TrimStrings.php(51): Illuminate\\Foundation\\Http\\Middleware\\TransformsRequest->handle(Object(Illuminate\\Http\\Request), Object(Closure))
#32 /Users/denisbespalov/Documents/STrack/backend/vendor/laravel/framework/src/Illuminate/Pipeline/Pipeline.php(209): Illuminate\\Foundation\\Http\\Middleware\\TrimStrings->handle(Object(Illuminate\\Http\\Request), Object(Closure))
#33 /Users/denisbespalov/Documents/STrack/backend/vendor/laravel/framework/src/Illuminate/Http/Middleware/ValidatePostSize.php(27): Illuminate\\Pipeline\\Pipeline->{closure:{closure:Illuminate\\Pipeline\\Pipeline::carry():184}:185}(Object(Illuminate\\Http\\Request))
#34 /Users/denisbespalov/Documents/STrack/backend/vendor/laravel/framework/src/Illuminate/Pipeline/Pipeline.php(209): Illuminate\\Http\\Middleware\\ValidatePostSize->handle(Object(Illuminate\\Http\\Request), Object(Closure))
#35 /Users/denisbespalov/Documents/STrack/backend/vendor/laravel/framework/src/Illuminate/Foundation/Http/Middleware/PreventRequestsDuringMaintenance.php(110): Illuminate\\Pipeline\\Pipeline->{closure:{closure:Illuminate\\Pipeline\\Pipeline::carry():184}:185}(Object(Illuminate\\Http\\Request))
#36 /Users/denisbespalov/Documents/STrack/backend/vendor/laravel/framework/src/Illuminate/Pipeline/Pipeline.php(209): Illuminate\\Foundation\\Http\\Middleware\\PreventRequestsDuringMaintenance->handle(Object(Illuminate\\Http\\Request), Object(Closure))
#37 /Users/denisbespalov/Documents/STrack/backend/vendor/laravel/framework/src/Illuminate/Http/Middleware/HandleCors.php(62): Illuminate\\Pipeline\\Pipeline->{closure:{closure:Illuminate\\Pipeline\\Pipeline::carry():184}:185}(Object(Illuminate\\Http\\Request))
#38 /Users/denisbespalov/Documents/STrack/backend/vendor/laravel/framework/src/Illuminate/Pipeline/Pipeline.php(209): Illuminate\\Http\\Middleware\\HandleCors->handle(Object(Illuminate\\Http\\Request), Object(Closure))
#39 /Users/denisbespalov/Documents/STrack/backend/vendor/laravel/framework/src/Illuminate/Http/Middleware/TrustProxies.php(58): Illuminate\\Pipeline\\Pipeline->{closure:{closure:Illuminate\\Pipeline\\Pipeline::carry():184}:185}(Object(Illuminate\\Http\\Request))
#40 /Users/denisbespalov/Documents/STrack/backend/vendor/laravel/framework/src/Illuminate/Pipeline/Pipeline.php(209): Illuminate\\Http\\Middleware\\TrustProxies->handle(Object(Illuminate\\Http\\Request), Object(Closure))
#41 /Users/denisbespalov/Documents/STrack/backend/vendor/laravel/framework/src/Illuminate/Foundation/Http/Middleware/InvokeDeferredCallbacks.php(22): Illuminate\\Pipeline\\Pipeline->{closure:{closure:Illuminate\\Pipeline\\Pipeline::carry():184}:185}(Object(Illuminate\\Http\\Request))
#42 /Users/denisbespalov/Documents/STrack/backend/vendor/laravel/framework/src/Illuminate/Pipeline/Pipeline.php(209): Illuminate\\Foundation\\Http\\Middleware\\InvokeDeferredCallbacks->handle(Object(Illuminate\\Http\\Request), Object(Closure))
#43 /Users/denisbespalov/Documents/STrack/backend/app/Http/Middleware/SetSecurityHeaders.php(13): Illuminate\\Pipeline\\Pipeline->{closure:{closure:Illuminate\\Pipeline\\Pipeline::carry():184}:185}(Object(Illuminate\\Http\\Request))
#44 /Users/denisbespalov/Documents/STrack/backend/vendor/laravel/framework/src/Illuminate/Pipeline/Pipeline.php(209): App\\Http\\Middleware\\SetSecurityHeaders->handle(Object(Illuminate\\Http\\Request), Object(Closure))
#45 /Users/denisbespalov/Documents/STrack/backend/vendor/laravel/framework/src/Illuminate/Pipeline/Pipeline.php(127): Illuminate\\Pipeline\\Pipeline->{closure:{closure:Illuminate\\Pipeline\\Pipeline::carry():184}:185}(Object(Illuminate\\Http\\Request))
#46 /Users/denisbespalov/Documents/STrack/backend/vendor/laravel/framework/src/Illuminate/Foundation/Http/Kernel.php(176): Illuminate\\Pipeline\\Pipeline->then(Object(Closure))
#47 /Users/denisbespalov/Documents/STrack/backend/vendor/laravel/framework/src/Illuminate/Foundation/Http/Kernel.php(145): Illuminate\\Foundation\\Http\\Kernel->sendRequestThroughRouter(Object(Illuminate\\Http\\Request))
#48 /Users/denisbespalov/Documents/STrack/backend/vendor/laravel/framework/src/Illuminate/Foundation/Application.php(1220): Illuminate\\Foundation\\Http\\Kernel->handle(Object(Illuminate\\Http\\Request))
#49 /Users/denisbespalov/Documents/STrack/backend/public/index.php(14): Illuminate\\Foundation\\Application->handleRequest(Object(Illuminate\\Http\\Request))
#50 /Users/denisbespalov/Documents/STrack/backend/vendor/laravel/framework/src/Illuminate/Foundation/resources/server.php(23): require_once('/Users/denisbes...')
#51 {main}
"} 
[2026-06-13 09:15:10] local.ERROR: SQLSTATE[42S22]: Column not found: 1054 Unknown column 'purchase_price' in 'field list' (Connection: mysql, SQL: insert into `cars` (`brand`, `model`, `year`, `engine_volume`, `license_plate`, `insurance_until`, `inspection_until`, `purchase_price`, `purchase_date`, `current_value`, `user_id`, `updated_at`, `created_at`) values (qwelskw, 244124, 2026, 3, NX6903, 2027-06-13, 2027-06-13, ?, ?, ?, 1, 2026-06-13 09:15:10, 2026-06-13 09:15:10)) {"userId":1,"exception":"[object] (Illuminate\\Database\\QueryException(code: 42S22): SQLSTATE[42S22]: Column not found: 1054 Unknown column 'purchase_price' in 'field list' (Connection: mysql, SQL: insert into `cars` (`brand`, `model`, `year`, `engine_volume`, `license_plate`, `insurance_until`, `inspection_until`, `purchase_price`, `purchase_date`, `current_value`, `user_id`, `updated_at`, `created_at`) values (qwelskw, 244124, 2026, 3, NX6903, 2027-06-13, 2027-06-13, ?, ?, ?, 1, 2026-06-13 09:15:10, 2026-06-13 09:15:10)) at /Users/denisbespalov/Documents/STrack/backend/vendor/laravel/framework/src/Illuminate/Database/Connection.php:825)
[stacktrace]
#0 /Users/denisbespalov/Documents/STrack/backend/vendor/laravel/framework/src/Illuminate/Database/Connection.php(779): Illuminate\\Database\\Connection->runQueryCallback('insert into `ca...', Array, Object(Closure))
#1 /Users/denisbespalov/Documents/STrack/backend/vendor/laravel/framework/src/Illuminate/Database/MySqlConnection.php(42): Illuminate\\Database\\Connection->run('insert into `ca...', Array, Object(Closure))
#2 /Users/denisbespalov/Documents/STrack/backend/vendor/laravel/framework/src/Illuminate/Database/Query/Processors/MySqlProcessor.php(35): Illuminate\\Database\\MySqlConnection->insert('insert into `ca...', Array, 'id')
#3 /Users/denisbespalov/Documents/STrack/backend/vendor/laravel/framework/src/Illuminate/Database/Query/Builder.php(3766): Illuminate\\Database\\Query\\Processors\\MySqlProcessor->processInsertGetId(Object(Illuminate\\Database\\Query\\Builder), 'insert into `ca...', Array, 'id')
#4 /Users/denisbespalov/Documents/STrack/backend/vendor/laravel/framework/src/Illuminate/Database/Eloquent/Builder.php(2120): Illuminate\\Database\\Query\\Builder->insertGetId(Array, 'id')
#5 /Users/denisbespalov/Documents/STrack/backend/vendor/laravel/framework/src/Illuminate/Database/Eloquent/Model.php(1359): Illuminate\\Database\\Eloquent\\Builder->__call('insertGetId', Array)
#6 /Users/denisbespalov/Documents/STrack/backend/vendor/laravel/framework/src/Illuminate/Database/Eloquent/Model.php(1324): Illuminate\\Database\\Eloquent\\Model->insertAndSetId(Object(Illuminate\\Database\\Eloquent\\Builder), Array)
#7 /Users/denisbespalov/Documents/STrack/backend/vendor/laravel/framework/src/Illuminate/Database/Eloquent/Model.php(1163): Illuminate\\Database\\Eloquent\\Model->performInsert(Object(Illuminate\\Database\\Eloquent\\Builder))
#8 /Users/denisbespalov/Documents/STrack/backend/vendor/laravel/framework/src/Illuminate/Database/Eloquent/Relations/HasOneOrMany.php(371): Illuminate\\Database\\Eloquent\\Model->save()
#9 /Users/denisbespalov/Documents/STrack/backend/vendor/laravel/framework/src/Illuminate/Support/helpers.php(399): Illuminate\\Database\\Eloquent\\Relations\\HasOneOrMany->{closure:Illuminate\\Database\\Eloquent\\Relations\\HasOneOrMany::create():368}(Object(App\\Models\\Car))
#10 /Users/denisbespalov/Documents/STrack/backend/vendor/laravel/framework/src/Illuminate/Database/Eloquent/Relations/HasOneOrMany.php(368): tap(Object(App\\Models\\Car), Object(Closure))
#11 /Users/denisbespalov/Documents/STrack/backend/app/Http/Controllers/Api/CarController.php(54): Illuminate\\Database\\Eloquent\\Relations\\HasOneOrMany->create(Array)
#12 /Users/denisbespalov/Documents/STrack/backend/vendor/laravel/framework/src/Illuminate/Routing/ControllerDispatcher.php(47): App\\Http\\Controllers\\Api\\CarController->store(Object(Illuminate\\Http\\Request))
#13 /Users/denisbespalov/Documents/STrack/backend/vendor/laravel/framework/src/Illuminate/Routing/Route.php(266): Illuminate\\Routing\\ControllerDispatcher->dispatch(Object(Illuminate\\Routing\\Route), Object(App\\Http\\Controllers\\Api\\CarController), 'store')
#14 /Users/denisbespalov/Documents/STrack/backend/vendor/laravel/framework/src/Illuminate/Routing/Route.php(212): Illuminate\\Routing\\Route->runController()
#15 /Users/denisbespalov/Documents/STrack/backend/vendor/laravel/framework/src/Illuminate/Routing/Router.php(808): Illuminate\\Routing\\Route->run()
#16 /Users/denisbespalov/Documents/STrack/backend/vendor/laravel/framework/src/Illuminate/Pipeline/Pipeline.php(170): Illuminate\\Routing\\Router->{closure:Illuminate\\Routing\\Router::runRouteWithinStack():807}(Object(Illuminate\\Http\\Request))
#17 /Users/denisbespalov/Documents/STrack/backend/vendor/laravel/framework/src/Illuminate/Routing/Middleware/SubstituteBindings.php(51): Illuminate\\Pipeline\\Pipeline->{closure:Illuminate\\Pipeline\\Pipeline::prepareDestination():168}(Object(Illuminate\\Http\\Request))
#18 /Users/denisbespalov/Documents/STrack/backend/vendor/laravel/framework/src/Illuminate/Pipeline/Pipeline.php(209): Illuminate\\Routing\\Middleware\\SubstituteBindings->handle(Object(Illuminate\\Http\\Request), Object(Closure))
#19 /Users/denisbespalov/Documents/STrack/backend/vendor/laravel/framework/src/Illuminate/Auth/Middleware/Authenticate.php(64): Illuminate\\Pipeline\\Pipeline->{closure:{closure:Illuminate\\Pipeline\\Pipeline::carry():184}:185}(Object(Illuminate\\Http\\Request))
#20 /Users/denisbespalov/Documents/STrack/backend/vendor/laravel/framework/src/Illuminate/Pipeline/Pipeline.php(209): Illuminate\\Auth\\Middleware\\Authenticate->handle(Object(Illuminate\\Http\\Request), Object(Closure), 'sanctum')
#21 /Users/denisbespalov/Documents/STrack/backend/vendor/laravel/framework/src/Illuminate/Pipeline/Pipeline.php(127): Illuminate\\Pipeline\\Pipeline->{closure:{closure:Illuminate\\Pipeline\\Pipeline::carry():184}:185}(Object(Illuminate\\Http\\Request))
#22 /Users/denisbespalov/Documents/STrack/backend/vendor/laravel/framework/src/Illuminate/Routing/Router.php(807): Illuminate\\Pipeline\\Pipeline->then(Object(Closure))
#23 /Users/denisbespalov/Documents/STrack/backend/vendor/laravel/framework/src/Illuminate/Routing/Router.php(786): Illuminate\\Routing\\Router->runRouteWithinStack(Object(Illuminate\\Routing\\Route), Object(Illuminate\\Http\\Request))
#24 /Users/denisbespalov/Documents/STrack/backend/vendor/laravel/framework/src/Illuminate/Routing/Router.php(750): Illuminate\\Routing\\Router->runRoute(Object(Illuminate\\Http\\Request), Object(Illuminate\\Routing\\Route))
#25 /Users/denisbespalov/Documents/STrack/backend/vendor/laravel/framework/src/Illuminate/Routing/Router.php(739): Illuminate\\Routing\\Router->dispatchToRoute(Object(Illuminate\\Http\\Request))
#26 /Users/denisbespalov/Documents/STrack/backend/vendor/laravel/framework/src/Illuminate/Foundation/Http/Kernel.php(201): Illuminate\\Routing\\Router->dispatch(Object(Illuminate\\Http\\Request))
#27 /Users/denisbespalov/Documents/STrack/backend/vendor/laravel/framework/src/Illuminate/Pipeline/Pipeline.php(170): Illuminate\\Foundation\\Http\\Kernel->{closure:Illuminate\\Foundation\\Http\\Kernel::dispatchToRouter():198}(Object(Illuminate\\Http\\Request))
#28 /Users/denisbespalov/Documents/STrack/backend/vendor/laravel/framework/src/Illuminate/Foundation/Http/Middleware/TransformsRequest.php(21): Illuminate\\Pipeline\\Pipeline->{closure:Illuminate\\Pipeline\\Pipeline::prepareDestination():168}(Object(Illuminate\\Http\\Request))
#29 /Users/denisbespalov/Documents/STrack/backend/vendor/laravel/framework/src/Illuminate/Foundation/Http/Middleware/ConvertEmptyStringsToNull.php(31): Illuminate\\Foundation\\Http\\Middleware\\TransformsRequest->handle(Object(Illuminate\\Http\\Request), Object(Closure))
#30 /Users/denisbespalov/Documents/STrack/backend/vendor/laravel/framework/src/Illuminate/Pipeline/Pipeline.php(209): Illuminate\\Foundation\\Http\\Middleware\\ConvertEmptyStringsToNull->handle(Object(Illuminate\\Http\\Request), Object(Closure))
#31 /Users/denisbespalov/Documents/STrack/backend/vendor/laravel/framework/src/Illuminate/Foundation/Http/Middleware/TransformsRequest.php(21): Illuminate\\Pipeline\\Pipeline->{closure:{closure:Illuminate\\Pipeline\\Pipeline::carry():184}:185}(Object(Illuminate\\Http\\Request))
#32 /Users/denisbespalov/Documents/STrack/backend/vendor/laravel/framework/src/Illuminate/Foundation/Http/Middleware/TrimStrings.php(51): Illuminate\\Foundation\\Http\\Middleware\\TransformsRequest->handle(Object(Illuminate\\Http\\Request), Object(Closure))
#33 /Users/denisbespalov/Documents/STrack/backend/vendor/laravel/framework/src/Illuminate/Pipeline/Pipeline.php(209): Illuminate\\Foundation\\Http\\Middleware\\TrimStrings->handle(Object(Illuminate\\Http\\Request), Object(Closure))
#34 /Users/denisbespalov/Documents/STrack/backend/vendor/laravel/framework/src/Illuminate/Http/Middleware/ValidatePostSize.php(27): Illuminate\\Pipeline\\Pipeline->{closure:{closure:Illuminate\\Pipeline\\Pipeline::carry():184}:185}(Object(Illuminate\\Http\\Request))
#35 /Users/denisbespalov/Documents/STrack/backend/vendor/laravel/framework/src/Illuminate/Pipeline/Pipeline.php(209): Illuminate\\Http\\Middleware\\ValidatePostSize->handle(Object(Illuminate\\Http\\Request), Object(Closure))
#36 /Users/denisbespalov/Documents/STrack/backend/vendor/laravel/framework/src/Illuminate/Foundation/Http/Middleware/PreventRequestsDuringMaintenance.php(110): Illuminate\\Pipeline\\Pipeline->{closure:{closure:Illuminate\\Pipeline\\Pipeline::carry():184}:185}(Object(Illuminate\\Http\\Request))
#37 /Users/denisbespalov/Documents/STrack/backend/vendor/laravel/framework/src/Illuminate/Pipeline/Pipeline.php(209): Illuminate\\Foundation\\Http\\Middleware\\PreventRequestsDuringMaintenance->handle(Object(Illuminate\\Http\\Request), Object(Closure))
#38 /Users/denisbespalov/Documents/STrack/backend/vendor/laravel/framework/src/Illuminate/Http/Middleware/HandleCors.php(62): Illuminate\\Pipeline\\Pipeline->{closure:{closure:Illuminate\\Pipeline\\Pipeline::carry():184}:185}(Object(Illuminate\\Http\\Request))
#39 /Users/denisbespalov/Documents/STrack/backend/vendor/laravel/framework/src/Illuminate/Pipeline/Pipeline.php(209): Illuminate\\Http\\Middleware\\HandleCors->handle(Object(Illuminate\\Http\\Request), Object(Closure))
#40 /Users/denisbespalov/Documents/STrack/backend/vendor/laravel/framework/src/Illuminate/Http/Middleware/TrustProxies.php(58): Illuminate\\Pipeline\\Pipeline->{closure:{closure:Illuminate\\Pipeline\\Pipeline::carry():184}:185}(Object(Illuminate\\Http\\Request))
#41 /Users/denisbespalov/Documents/STrack/backend/vendor/laravel/framework/src/Illuminate/Pipeline/Pipeline.php(209): Illuminate\\Http\\Middleware\\TrustProxies->handle(Object(Illuminate\\Http\\Request), Object(Closure))
#42 /Users/denisbespalov/Documents/STrack/backend/vendor/laravel/framework/src/Illuminate/Foundation/Http/Middleware/InvokeDeferredCallbacks.php(22): Illuminate\\Pipeline\\Pipeline->{closure:{closure:Illuminate\\Pipeline\\Pipeline::carry():184}:185}(Object(Illuminate\\Http\\Request))
#43 /Users/denisbespalov/Documents/STrack/backend/vendor/laravel/framework/src/Illuminate/Pipeline/Pipeline.php(209): Illuminate\\Foundation\\Http\\Middleware\\InvokeDeferredCallbacks->handle(Object(Illuminate\\Http\\Request), Object(Closure))
#44 /Users/denisbespalov/Documents/STrack/backend/app/Http/Middleware/SetSecurityHeaders.php(13): Illuminate\\Pipeline\\Pipeline->{closure:{closure:Illuminate\\Pipeline\\Pipeline::carry():184}:185}(Object(Illuminate\\Http\\Request))
#45 /Users/denisbespalov/Documents/STrack/backend/vendor/laravel/framework/src/Illuminate/Pipeline/Pipeline.php(209): App\\Http\\Middleware\\SetSecurityHeaders->handle(Object(Illuminate\\Http\\Request), Object(Closure))
#46 /Users/denisbespalov/Documents/STrack/backend/vendor/laravel/framework/src/Illuminate/Pipeline/Pipeline.php(127): Illuminate\\Pipeline\\Pipeline->{closure:{closure:Illuminate\\Pipeline\\Pipeline::carry():184}:185}(Object(Illuminate\\Http\\Request))
#47 /Users/denisbespalov/Documents/STrack/backend/vendor/laravel/framework/src/Illuminate/Foundation/Http/Kernel.php(176): Illuminate\\Pipeline\\Pipeline->then(Object(Closure))
#48 /Users/denisbespalov/Documents/STrack/backend/vendor/laravel/framework/src/Illuminate/Foundation/Http/Kernel.php(145): Illuminate\\Foundation\\Http\\Kernel->sendRequestThroughRouter(Object(Illuminate\\Http\\Request))
#49 /Users/denisbespalov/Documents/STrack/backend/vendor/laravel/framework/src/Illuminate/Foundation/Application.php(1220): Illuminate\\Foundation\\Http\\Kernel->handle(Object(Illuminate\\Http\\Request))
#50 /Users/denisbespalov/Documents/STrack/backend/public/index.php(14): Illuminate\\Foundation\\Application->handleRequest(Object(Illuminate\\Http\\Request))
#51 /Users/denisbespalov/Documents/STrack/backend/vendor/laravel/framework/src/Illuminate/Foundation/resources/server.php(23): require_once('/Users/denisbes...')
#52 {main}

[previous exception] [object] (PDOException(code: 42S22): SQLSTATE[42S22]: Column not found: 1054 Unknown column 'purchase_price' in 'field list' at /Users/denisbespalov/Documents/STrack/backend/vendor/laravel/framework/src/Illuminate/Database/MySqlConnection.php:47)
[stacktrace]
#0 /Users/denisbespalov/Documents/STrack/backend/vendor/laravel/framework/src/Illuminate/Database/MySqlConnection.php(47): PDO->prepare('insert into `ca...')
#1 /Users/denisbespalov/Documents/STrack/backend/vendor/laravel/framework/src/Illuminate/Database/Connection.php(812): Illuminate\\Database\\MySqlConnection->{closure:Illuminate\\Database\\MySqlConnection::insert():42}('insert into `ca...', Array)
#2 /Users/denisbespalov/Documents/STrack/backend/vendor/laravel/framework/src/Illuminate/Database/Connection.php(779): Illuminate\\Database\\Connection->runQueryCallback('insert into `ca...', Array, Object(Closure))
#3 /Users/denisbespalov/Documents/STrack/backend/vendor/laravel/framework/src/Illuminate/Database/MySqlConnection.php(42): Illuminate\\Database\\Connection->run('insert into `ca...', Array, Object(Closure))
#4 /Users/denisbespalov/Documents/STrack/backend/vendor/laravel/framework/src/Illuminate/Database/Query/Processors/MySqlProcessor.php(35): Illuminate\\Database\\MySqlConnection->insert('insert into `ca...', Array, 'id')
#5 /Users/denisbespalov/Documents/STrack/backend/vendor/laravel/framework/src/Illuminate/Database/Query/Builder.php(3766): Illuminate\\Database\\Query\\Processors\\MySqlProcessor->processInsertGetId(Object(Illuminate\\Database\\Query\\Builder), 'insert into `ca...', Array, 'id')
#6 /Users/denisbespalov/Documents/STrack/backend/vendor/laravel/framework/src/Illuminate/Database/Eloquent/Builder.php(2120): Illuminate\\Database\\Query\\Builder->insertGetId(Array, 'id')
#7 /Users/denisbespalov/Documents/STrack/backend/vendor/laravel/framework/src/Illuminate/Database/Eloquent/Model.php(1359): Illuminate\\Database\\Eloquent\\Builder->__call('insertGetId', Array)
#8 /Users/denisbespalov/Documents/STrack/backend/vendor/laravel/framework/src/Illuminate/Database/Eloquent/Model.php(1324): Illuminate\\Database\\Eloquent\\Model->insertAndSetId(Object(Illuminate\\Database\\Eloquent\\Builder), Array)
#9 /Users/denisbespalov/Documents/STrack/backend/vendor/laravel/framework/src/Illuminate/Database/Eloquent/Model.php(1163): Illuminate\\Database\\Eloquent\\Model->performInsert(Object(Illuminate\\Database\\Eloquent\\Builder))
#10 /Users/denisbespalov/Documents/STrack/backend/vendor/laravel/framework/src/Illuminate/Database/Eloquent/Relations/HasOneOrMany.php(371): Illuminate\\Database\\Eloquent\\Model->save()
#11 /Users/denisbespalov/Documents/STrack/backend/vendor/laravel/framework/src/Illuminate/Support/helpers.php(399): Illuminate\\Database\\Eloquent\\Relations\\HasOneOrMany->{closure:Illuminate\\Database\\Eloquent\\Relations\\HasOneOrMany::create():368}(Object(App\\Models\\Car))
#12 /Users/denisbespalov/Documents/STrack/backend/vendor/laravel/framework/src/Illuminate/Database/Eloquent/Relations/HasOneOrMany.php(368): tap(Object(App\\Models\\Car), Object(Closure))
#13 /Users/denisbespalov/Documents/STrack/backend/app/Http/Controllers/Api/CarController.php(54): Illuminate\\Database\\Eloquent\\Relations\\HasOneOrMany->create(Array)
#14 /Users/denisbespalov/Documents/STrack/backend/vendor/laravel/framework/src/Illuminate/Routing/ControllerDispatcher.php(47): App\\Http\\Controllers\\Api\\CarController->store(Object(Illuminate\\Http\\Request))
#15 /Users/denisbespalov/Documents/STrack/backend/vendor/laravel/framework/src/Illuminate/Routing/Route.php(266): Illuminate\\Routing\\ControllerDispatcher->dispatch(Object(Illuminate\\Routing\\Route), Object(App\\Http\\Controllers\\Api\\CarController), 'store')
#16 /Users/denisbespalov/Documents/STrack/backend/vendor/laravel/framework/src/Illuminate/Routing/Route.php(212): Illuminate\\Routing\\Route->runController()
#17 /Users/denisbespalov/Documents/STrack/backend/vendor/laravel/framework/src/Illuminate/Routing/Router.php(808): Illuminate\\Routing\\Route->run()
#18 /Users/denisbespalov/Documents/STrack/backend/vendor/laravel/framework/src/Illuminate/Pipeline/Pipeline.php(170): Illuminate\\Routing\\Router->{closure:Illuminate\\Routing\\Router::runRouteWithinStack():807}(Object(Illuminate\\Http\\Request))
#19 /Users/denisbespalov/Documents/STrack/backend/vendor/laravel/framework/src/Illuminate/Routing/Middleware/SubstituteBindings.php(51): Illuminate\\Pipeline\\Pipeline->{closure:Illuminate\\Pipeline\\Pipeline::prepareDestination():168}(Object(Illuminate\\Http\\Request))
#20 /Users/denisbespalov/Documents/STrack/backend/vendor/laravel/framework/src/Illuminate/Pipeline/Pipeline.php(209): Illuminate\\Routing\\Middleware\\SubstituteBindings->handle(Object(Illuminate\\Http\\Request), Object(Closure))
#21 /Users/denisbespalov/Documents/STrack/backend/vendor/laravel/framework/src/Illuminate/Auth/Middleware/Authenticate.php(64): Illuminate\\Pipeline\\Pipeline->{closure:{closure:Illuminate\\Pipeline\\Pipeline::carry():184}:185}(Object(Illuminate\\Http\\Request))
#22 /Users/denisbespalov/Documents/STrack/backend/vendor/laravel/framework/src/Illuminate/Pipeline/Pipeline.php(209): Illuminate\\Auth\\Middleware\\Authenticate->handle(Object(Illuminate\\Http\\Request), Object(Closure), 'sanctum')
#23 /Users/denisbespalov/Documents/STrack/backend/vendor/laravel/framework/src/Illuminate/Pipeline/Pipeline.php(127): Illuminate\\Pipeline\\Pipeline->{closure:{closure:Illuminate\\Pipeline\\Pipeline::carry():184}:185}(Object(Illuminate\\Http\\Request))
#24 /Users/denisbespalov/Documents/STrack/backend/vendor/laravel/framework/src/Illuminate/Routing/Router.php(807): Illuminate\\Pipeline\\Pipeline->then(Object(Closure))
#25 /Users/denisbespalov/Documents/STrack/backend/vendor/laravel/framework/src/Illuminate/Routing/Router.php(786): Illuminate\\Routing\\Router->runRouteWithinStack(Object(Illuminate\\Routing\\Route), Object(Illuminate\\Http\\Request))
#26 /Users/denisbespalov/Documents/STrack/backend/vendor/laravel/framework/src/Illuminate/Routing/Router.php(750): Illuminate\\Routing\\Router->runRoute(Object(Illuminate\\Http\\Request), Object(Illuminate\\Routing\\Route))
#27 /Users/denisbespalov/Documents/STrack/backend/vendor/laravel/framework/src/Illuminate/Routing/Router.php(739): Illuminate\\Routing\\Router->dispatchToRoute(Object(Illuminate\\Http\\Request))
#28 /Users/denisbespalov/Documents/STrack/backend/vendor/laravel/framework/src/Illuminate/Foundation/Http/Kernel.php(201): Illuminate\\Routing\\Router->dispatch(Object(Illuminate\\Http\\Request))
#29 /Users/denisbespalov/Documents/STrack/backend/vendor/laravel/framework/src/Illuminate/Pipeline/Pipeline.php(170): Illuminate\\Foundation\\Http\\Kernel->{closure:Illuminate\\Foundation\\Http\\Kernel::dispatchToRouter():198}(Object(Illuminate\\Http\\Request))
#30 /Users/denisbespalov/Documents/STrack/backend/vendor/laravel/framework/src/Illuminate/Foundation/Http/Middleware/TransformsRequest.php(21): Illuminate\\Pipeline\\Pipeline->{closure:Illuminate\\Pipeline\\Pipeline::prepareDestination():168}(Object(Illuminate\\Http\\Request))
#31 /Users/denisbespalov/Documents/STrack/backend/vendor/laravel/framework/src/Illuminate/Foundation/Http/Middleware/ConvertEmptyStringsToNull.php(31): Illuminate\\Foundation\\Http\\Middleware\\TransformsRequest->handle(Object(Illuminate\\Http\\Request), Object(Closure))
#32 /Users/denisbespalov/Documents/STrack/backend/vendor/laravel/framework/src/Illuminate/Pipeline/Pipeline.php(209): Illuminate\\Foundation\\Http\\Middleware\\ConvertEmptyStringsToNull->handle(Object(Illuminate\\Http\\Request), Object(Closure))
#33 /Users/denisbespalov/Documents/STrack/backend/vendor/laravel/framework/src/Illuminate/Foundation/Http/Middleware/TransformsRequest.php(21): Illuminate\\Pipeline\\Pipeline->{closure:{closure:Illuminate\\Pipeline\\Pipeline::carry():184}:185}(Object(Illuminate\\Http\\Request))
#34 /Users/denisbespalov/Documents/STrack/backend/vendor/laravel/framework/src/Illuminate/Foundation/Http/Middleware/TrimStrings.php(51): Illuminate\\Foundation\\Http\\Middleware\\TransformsRequest->handle(Object(Illuminate\\Http\\Request), Object(Closure))
#35 /Users/denisbespalov/Documents/STrack/backend/vendor/laravel/framework/src/Illuminate/Pipeline/Pipeline.php(209): Illuminate\\Foundation\\Http\\Middleware\\TrimStrings->handle(Object(Illuminate\\Http\\Request), Object(Closure))
#36 /Users/denisbespalov/Documents/STrack/backend/vendor/laravel/framework/src/Illuminate/Http/Middleware/ValidatePostSize.php(27): Illuminate\\Pipeline\\Pipeline->{closure:{closure:Illuminate\\Pipeline\\Pipeline::carry():184}:185}(Object(Illuminate\\Http\\Request))
#37 /Users/denisbespalov/Documents/STrack/backend/vendor/laravel/framework/src/Illuminate/Pipeline/Pipeline.php(209): Illuminate\\Http\\Middleware\\ValidatePostSize->handle(Object(Illuminate\\Http\\Request), Object(Closure))
#38 /Users/denisbespalov/Documents/STrack/backend/vendor/laravel/framework/src/Illuminate/Foundation/Http/Middleware/PreventRequestsDuringMaintenance.php(110): Illuminate\\Pipeline\\Pipeline->{closure:{closure:Illuminate\\Pipeline\\Pipeline::carry():184}:185}(Object(Illuminate\\Http\\Request))
#39 /Users/denisbespalov/Documents/STrack/backend/vendor/laravel/framework/src/Illuminate/Pipeline/Pipeline.php(209): Illuminate\\Foundation\\Http\\Middleware\\PreventRequestsDuringMaintenance->handle(Object(Illuminate\\Http\\Request), Object(Closure))
#40 /Users/denisbespalov/Documents/STrack/backend/vendor/laravel/framework/src/Illuminate/Http/Middleware/HandleCors.php(62): Illuminate\\Pipeline\\Pipeline->{closure:{closure:Illuminate\\Pipeline\\Pipeline::carry():184}:185}(Object(Illuminate\\Http\\Request))
#41 /Users/denisbespalov/Documents/STrack/backend/vendor/laravel/framework/src/Illuminate/Pipeline/Pipeline.php(209): Illuminate\\Http\\Middleware\\HandleCors->handle(Object(Illuminate\\Http\\Request), Object(Closure))
#42 /Users/denisbespalov/Documents/STrack/backend/vendor/laravel/framework/src/Illuminate/Http/Middleware/TrustProxies.php(58): Illuminate\\Pipeline\\Pipeline->{closure:{closure:Illuminate\\Pipeline\\Pipeline::carry():184}:185}(Object(Illuminate\\Http\\Request))
#43 /Users/denisbespalov/Documents/STrack/backend/vendor/laravel/framework/src/Illuminate/Pipeline/Pipeline.php(209): Illuminate\\Http\\Middleware\\TrustProxies->handle(Object(Illuminate\\Http\\Request), Object(Closure))
#44 /Users/denisbespalov/Documents/STrack/backend/vendor/laravel/framework/src/Illuminate/Foundation/Http/Middleware/InvokeDeferredCallbacks.php(22): Illuminate\\Pipeline\\Pipeline->{closure:{closure:Illuminate\\Pipeline\\Pipeline::carry():184}:185}(Object(Illuminate\\Http\\Request))
#45 /Users/denisbespalov/Documents/STrack/backend/vendor/laravel/framework/src/Illuminate/Pipeline/Pipeline.php(209): Illuminate\\Foundation\\Http\\Middleware\\InvokeDeferredCallbacks->handle(Object(Illuminate\\Http\\Request), Object(Closure))
#46 /Users/denisbespalov/Documents/STrack/backend/app/Http/Middleware/SetSecurityHeaders.php(13): Illuminate\\Pipeline\\Pipeline->{closure:{closure:Illuminate\\Pipeline\\Pipeline::carry():184}:185}(Object(Illuminate\\Http\\Request))
#47 /Users/denisbespalov/Documents/STrack/backend/vendor/laravel/framework/src/Illuminate/Pipeline/Pipeline.php(209): App\\Http\\Middleware\\SetSecurityHeaders->handle(Object(Illuminate\\Http\\Request), Object(Closure))
#48 /Users/denisbespalov/Documents/STrack/backend/vendor/laravel/framework/src/Illuminate/Pipeline/Pipeline.php(127): Illuminate\\Pipeline\\Pipeline->{closure:{closure:Illuminate\\Pipeline\\Pipeline::carry():184}:185}(Object(Illuminate\\Http\\Request))
#49 /Users/denisbespalov/Documents/STrack/backend/vendor/laravel/framework/src/Illuminate/Foundation/Http/Kernel.php(176): Illuminate\\Pipeline\\Pipeline->then(Object(Closure))
#50 /Users/denisbespalov/Documents/STrack/backend/vendor/laravel/framework/src/Illuminate/Foundation/Http/Kernel.php(145): Illuminate\\Foundation\\Http\\Kernel->sendRequestThroughRouter(Object(Illuminate\\Http\\Request))
#51 /Users/denisbespalov/Documents/STrack/backend/vendor/laravel/framework/src/Illuminate/Foundation/Application.php(1220): Illuminate\\Foundation\\Http\\Kernel->handle(Object(Illuminate\\Http\\Request))
#52 /Users/denisbespalov/Documents/STrack/backend/public/index.php(14): Illuminate\\Foundation\\Application->handleRequest(Object(Illuminate\\Http\\Request))
#53 /Users/denisbespalov/Documents/STrack/backend/vendor/laravel/framework/src/Illuminate/Foundation/resources/server.php(23): require_once('/Users/denisbes...')
#54 {main}
"} 
[2026-06-13 09:15:10] local.ERROR: SQLSTATE[42S22]: Column not found: 1054 Unknown column 'purchase_price' in 'field list' (Connection: mysql, SQL: insert into `cars` (`brand`, `model`, `year`, `engine_volume`, `license_plate`, `insurance_until`, `inspection_until`, `purchase_price`, `purchase_date`, `current_value`, `user_id`, `updated_at`, `created_at`) values (qwelskw, 244124, 2026, 3, NX6903, 2027-06-13, 2027-06-13, ?, ?, ?, 1, 2026-06-13 09:15:10, 2026-06-13 09:15:10)) {"userId":1,"exception":"[object] (Illuminate\\Database\\QueryException(code: 42S22): SQLSTATE[42S22]: Column not found: 1054 Unknown column 'purchase_price' in 'field list' (Connection: mysql, SQL: insert into `cars` (`brand`, `model`, `year`, `engine_volume`, `license_plate`, `insurance_until`, `inspection_until`, `purchase_price`, `purchase_date`, `current_value`, `user_id`, `updated_at`, `created_at`) values (qwelskw, 244124, 2026, 3, NX6903, 2027-06-13, 2027-06-13, ?, ?, ?, 1, 2026-06-13 09:15:10, 2026-06-13 09:15:10)) at /Users/denisbespalov/Documents/STrack/backend/vendor/laravel/framework/src/Illuminate/Database/Connection.php:825)
[stacktrace]
#0 /Users/denisbespalov/Documents/STrack/backend/vendor/laravel/framework/src/Illuminate/Database/Connection.php(779): Illuminate\\Database\\Connection->runQueryCallback('insert into `ca...', Array, Object(Closure))
#1 /Users/denisbespalov/Documents/STrack/backend/vendor/laravel/framework/src/Illuminate/Database/MySqlConnection.php(42): Illuminate\\Database\\Connection->run('insert into `ca...', Array, Object(Closure))
#2 /Users/denisbespalov/Documents/STrack/backend/vendor/laravel/framework/src/Illuminate/Database/Query/Processors/MySqlProcessor.php(35): Illuminate\\Database\\MySqlConnection->insert('insert into `ca...', Array, 'id')
#3 /Users/denisbespalov/Documents/STrack/backend/vendor/laravel/framework/src/Illuminate/Database/Query/Builder.php(3766): Illuminate\\Database\\Query\\Processors\\MySqlProcessor->processInsertGetId(Object(Illuminate\\Database\\Query\\Builder), 'insert into `ca...', Array, 'id')
#4 /Users/denisbespalov/Documents/STrack/backend/vendor/laravel/framework/src/Illuminate/Database/Eloquent/Builder.php(2120): Illuminate\\Database\\Query\\Builder->insertGetId(Array, 'id')
#5 /Users/denisbespalov/Documents/STrack/backend/vendor/laravel/framework/src/Illuminate/Database/Eloquent/Model.php(1359): Illuminate\\Database\\Eloquent\\Builder->__call('insertGetId', Array)
#6 /Users/denisbespalov/Documents/STrack/backend/vendor/laravel/framework/src/Illuminate/Database/Eloquent/Model.php(1324): Illuminate\\Database\\Eloquent\\Model->insertAndSetId(Object(Illuminate\\Database\\Eloquent\\Builder), Array)
#7 /Users/denisbespalov/Documents/STrack/backend/vendor/laravel/framework/src/Illuminate/Database/Eloquent/Model.php(1163): Illuminate\\Database\\Eloquent\\Model->performInsert(Object(Illuminate\\Database\\Eloquent\\Builder))
#8 /Users/denisbespalov/Documents/STrack/backend/vendor/laravel/framework/src/Illuminate/Database/Eloquent/Relations/HasOneOrMany.php(371): Illuminate\\Database\\Eloquent\\Model->save()
#9 /Users/denisbespalov/Documents/STrack/backend/vendor/laravel/framework/src/Illuminate/Support/helpers.php(399): Illuminate\\Database\\Eloquent\\Relations\\HasOneOrMany->{closure:Illuminate\\Database\\Eloquent\\Relations\\HasOneOrMany::create():368}(Object(App\\Models\\Car))
#10 /Users/denisbespalov/Documents/STrack/backend/vendor/laravel/framework/src/Illuminate/Database/Eloquent/Relations/HasOneOrMany.php(368): tap(Object(App\\Models\\Car), Object(Closure))
#11 /Users/denisbespalov/Documents/STrack/backend/app/Http/Controllers/Api/CarController.php(54): Illuminate\\Database\\Eloquent\\Relations\\HasOneOrMany->create(Array)
#12 /Users/denisbespalov/Documents/STrack/backend/vendor/laravel/framework/src/Illuminate/Routing/ControllerDispatcher.php(47): App\\Http\\Controllers\\Api\\CarController->store(Object(Illuminate\\Http\\Request))
#13 /Users/denisbespalov/Documents/STrack/backend/vendor/laravel/framework/src/Illuminate/Routing/Route.php(266): Illuminate\\Routing\\ControllerDispatcher->dispatch(Object(Illuminate\\Routing\\Route), Object(App\\Http\\Controllers\\Api\\CarController), 'store')
#14 /Users/denisbespalov/Documents/STrack/backend/vendor/laravel/framework/src/Illuminate/Routing/Route.php(212): Illuminate\\Routing\\Route->runController()
#15 /Users/denisbespalov/Documents/STrack/backend/vendor/laravel/framework/src/Illuminate/Routing/Router.php(808): Illuminate\\Routing\\Route->run()
#16 /Users/denisbespalov/Documents/STrack/backend/vendor/laravel/framework/src/Illuminate/Pipeline/Pipeline.php(170): Illuminate\\Routing\\Router->{closure:Illuminate\\Routing\\Router::runRouteWithinStack():807}(Object(Illuminate\\Http\\Request))
#17 /Users/denisbespalov/Documents/STrack/backend/vendor/laravel/framework/src/Illuminate/Routing/Middleware/SubstituteBindings.php(51): Illuminate\\Pipeline\\Pipeline->{closure:Illuminate\\Pipeline\\Pipeline::prepareDestination():168}(Object(Illuminate\\Http\\Request))
#18 /Users/denisbespalov/Documents/STrack/backend/vendor/laravel/framework/src/Illuminate/Pipeline/Pipeline.php(209): Illuminate\\Routing\\Middleware\\SubstituteBindings->handle(Object(Illuminate\\Http\\Request), Object(Closure))
#19 /Users/denisbespalov/Documents/STrack/backend/vendor/laravel/framework/src/Illuminate/Auth/Middleware/Authenticate.php(64): Illuminate\\Pipeline\\Pipeline->{closure:{closure:Illuminate\\Pipeline\\Pipeline::carry():184}:185}(Object(Illuminate\\Http\\Request))
#20 /Users/denisbespalov/Documents/STrack/backend/vendor/laravel/framework/src/Illuminate/Pipeline/Pipeline.php(209): Illuminate\\Auth\\Middleware\\Authenticate->handle(Object(Illuminate\\Http\\Request), Object(Closure), 'sanctum')
#21 /Users/denisbespalov/Documents/STrack/backend/vendor/laravel/framework/src/Illuminate/Pipeline/Pipeline.php(127): Illuminate\\Pipeline\\Pipeline->{closure:{closure:Illuminate\\Pipeline\\Pipeline::carry():184}:185}(Object(Illuminate\\Http\\Request))
#22 /Users/denisbespalov/Documents/STrack/backend/vendor/laravel/framework/src/Illuminate/Routing/Router.php(807): Illuminate\\Pipeline\\Pipeline->then(Object(Closure))
#23 /Users/denisbespalov/Documents/STrack/backend/vendor/laravel/framework/src/Illuminate/Routing/Router.php(786): Illuminate\\Routing\\Router->runRouteWithinStack(Object(Illuminate\\Routing\\Route), Object(Illuminate\\Http\\Request))
#24 /Users/denisbespalov/Documents/STrack/backend/vendor/laravel/framework/src/Illuminate/Routing/Router.php(750): Illuminate\\Routing\\Router->runRoute(Object(Illuminate\\Http\\Request), Object(Illuminate\\Routing\\Route))
#25 /Users/denisbespalov/Documents/STrack/backend/vendor/laravel/framework/src/Illuminate/Routing/Router.php(739): Illuminate\\Routing\\Router->dispatchToRoute(Object(Illuminate\\Http\\Request))
#26 /Users/denisbespalov/Documents/STrack/backend/vendor/laravel/framework/src/Illuminate/Foundation/Http/Kernel.php(201): Illuminate\\Routing\\Router->dispatch(Object(Illuminate\\Http\\Request))
#27 /Users/denisbespalov/Documents/STrack/backend/vendor/laravel/framework/src/Illuminate/Pipeline/Pipeline.php(170): Illuminate\\Foundation\\Http\\Kernel->{closure:Illuminate\\Foundation\\Http\\Kernel::dispatchToRouter():198}(Object(Illuminate\\Http\\Request))
#28 /Users/denisbespalov/Documents/STrack/backend/vendor/laravel/framework/src/Illuminate/Foundation/Http/Middleware/TransformsRequest.php(21): Illuminate\\Pipeline\\Pipeline->{closure:Illuminate\\Pipeline\\Pipeline::prepareDestination():168}(Object(Illuminate\\Http\\Request))
#29 /Users/denisbespalov/Documents/STrack/backend/vendor/laravel/framework/src/Illuminate/Foundation/Http/Middleware/ConvertEmptyStringsToNull.php(31): Illuminate\\Foundation\\Http\\Middleware\\TransformsRequest->handle(Object(Illuminate\\Http\\Request), Object(Closure))
#30 /Users/denisbespalov/Documents/STrack/backend/vendor/laravel/framework/src/Illuminate/Pipeline/Pipeline.php(209): Illuminate\\Foundation\\Http\\Middleware\\ConvertEmptyStringsToNull->handle(Object(Illuminate\\Http\\Request), Object(Closure))
#31 /Users/denisbespalov/Documents/STrack/backend/vendor/laravel/framework/src/Illuminate/Foundation/Http/Middleware/TransformsRequest.php(21): Illuminate\\Pipeline\\Pipeline->{closure:{closure:Illuminate\\Pipeline\\Pipeline::carry():184}:185}(Object(Illuminate\\Http\\Request))
#32 /Users/denisbespalov/Documents/STrack/backend/vendor/laravel/framework/src/Illuminate/Foundation/Http/Middleware/TrimStrings.php(51): Illuminate\\Foundation\\Http\\Middleware\\TransformsRequest->handle(Object(Illuminate\\Http\\Request), Object(Closure))
#33 /Users/denisbespalov/Documents/STrack/backend/vendor/laravel/framework/src/Illuminate/Pipeline/Pipeline.php(209): Illuminate\\Foundation\\Http\\Middleware\\TrimStrings->handle(Object(Illuminate\\Http\\Request), Object(Closure))
#34 /Users/denisbespalov/Documents/STrack/backend/vendor/laravel/framework/src/Illuminate/Http/Middleware/ValidatePostSize.php(27): Illuminate\\Pipeline\\Pipeline->{closure:{closure:Illuminate\\Pipeline\\Pipeline::carry():184}:185}(Object(Illuminate\\Http\\Request))
#35 /Users/denisbespalov/Documents/STrack/backend/vendor/laravel/framework/src/Illuminate/Pipeline/Pipeline.php(209): Illuminate\\Http\\Middleware\\ValidatePostSize->handle(Object(Illuminate\\Http\\Request), Object(Closure))
#36 /Users/denisbespalov/Documents/STrack/backend/vendor/laravel/framework/src/Illuminate/Foundation/Http/Middleware/PreventRequestsDuringMaintenance.php(110): Illuminate\\Pipeline\\Pipeline->{closure:{closure:Illuminate\\Pipeline\\Pipeline::carry():184}:185}(Object(Illuminate\\Http\\Request))
#37 /Users/denisbespalov/Documents/STrack/backend/vendor/laravel/framework/src/Illuminate/Pipeline/Pipeline.php(209): Illuminate\\Foundation\\Http\\Middleware\\PreventRequestsDuringMaintenance->handle(Object(Illuminate\\Http\\Request), Object(Closure))
#38 /Users/denisbespalov/Documents/STrack/backend/vendor/laravel/framework/src/Illuminate/Http/Middleware/HandleCors.php(62): Illuminate\\Pipeline\\Pipeline->{closure:{closure:Illuminate\\Pipeline\\Pipeline::carry():184}:185}(Object(Illuminate\\Http\\Request))
#39 /Users/denisbespalov/Documents/STrack/backend/vendor/laravel/framework/src/Illuminate/Pipeline/Pipeline.php(209): Illuminate\\Http\\Middleware\\HandleCors->handle(Object(Illuminate\\Http\\Request), Object(Closure))
#40 /Users/denisbespalov/Documents/STrack/backend/vendor/laravel/framework/src/Illuminate/Http/Middleware/TrustProxies.php(58): Illuminate\\Pipeline\\Pipeline->{closure:{closure:Illuminate\\Pipeline\\Pipeline::carry():184}:185}(Object(Illuminate\\Http\\Request))
#41 /Users/denisbespalov/Documents/STrack/backend/vendor/laravel/framework/src/Illuminate/Pipeline/Pipeline.php(209): Illuminate\\Http\\Middleware\\TrustProxies->handle(Object(Illuminate\\Http\\Request), Object(Closure))
#42 /Users/denisbespalov/Documents/STrack/backend/vendor/laravel/framework/src/Illuminate/Foundation/Http/Middleware/InvokeDeferredCallbacks.php(22): Illuminate\\Pipeline\\Pipeline->{closure:{closure:Illuminate\\Pipeline\\Pipeline::carry():184}:185}(Object(Illuminate\\Http\\Request))
#43 /Users/denisbespalov/Documents/STrack/backend/vendor/laravel/framework/src/Illuminate/Pipeline/Pipeline.php(209): Illuminate\\Foundation\\Http\\Middleware\\InvokeDeferredCallbacks->handle(Object(Illuminate\\Http\\Request), Object(Closure))
#44 /Users/denisbespalov/Documents/STrack/backend/app/Http/Middleware/SetSecurityHeaders.php(13): Illuminate\\Pipeline\\Pipeline->{closure:{closure:Illuminate\\Pipeline\\Pipeline::carry():184}:185}(Object(Illuminate\\Http\\Request))
#45 /Users/denisbespalov/Documents/STrack/backend/vendor/laravel/framework/src/Illuminate/Pipeline/Pipeline.php(209): App\\Http\\Middleware\\SetSecurityHeaders->handle(Object(Illuminate\\Http\\Request), Object(Closure))
#46 /Users/denisbespalov/Documents/STrack/backend/vendor/laravel/framework/src/Illuminate/Pipeline/Pipeline.php(127): Illuminate\\Pipeline\\Pipeline->{closure:{closure:Illuminate\\Pipeline\\Pipeline::carry():184}:185}(Object(Illuminate\\Http\\Request))
#47 /Users/denisbespalov/Documents/STrack/backend/vendor/laravel/framework/src/Illuminate/Foundation/Http/Kernel.php(176): Illuminate\\Pipeline\\Pipeline->then(Object(Closure))
#48 /Users/denisbespalov/Documents/STrack/backend/vendor/laravel/framework/src/Illuminate/Foundation/Http/Kernel.php(145): Illuminate\\Foundation\\Http\\Kernel->sendRequestThroughRouter(Object(Illuminate\\Http\\Request))
#49 /Users/denisbespalov/Documents/STrack/backend/vendor/laravel/framework/src/Illuminate/Foundation/Application.php(1220): Illuminate\\Foundation\\Http\\Kernel->handle(Object(Illuminate\\Http\\Request))
#50 /Users/denisbespalov/Documents/STrack/backend/public/index.php(14): Illuminate\\Foundation\\Application->handleRequest(Object(Illuminate\\Http\\Request))
#51 /Users/denisbespalov/Documents/STrack/backend/vendor/laravel/framework/src/Illuminate/Foundation/resources/server.php(23): require_once('/Users/denisbes...')
#52 {main}

[previous exception] [object] (PDOException(code: 42S22): SQLSTATE[42S22]: Column not found: 1054 Unknown column 'purchase_price' in 'field list' at /Users/denisbespalov/Documents/STrack/backend/vendor/laravel/framework/src/Illuminate/Database/MySqlConnection.php:47)
[stacktrace]
#0 /Users/denisbespalov/Documents/STrack/backend/vendor/laravel/framework/src/Illuminate/Database/MySqlConnection.php(47): PDO->prepare('insert into `ca...')
#1 /Users/denisbespalov/Documents/STrack/backend/vendor/laravel/framework/src/Illuminate/Database/Connection.php(812): Illuminate\\Database\\MySqlConnection->{closure:Illuminate\\Database\\MySqlConnection::insert():42}('insert into `ca...', Array)
#2 /Users/denisbespalov/Documents/STrack/backend/vendor/laravel/framework/src/Illuminate/Database/Connection.php(779): Illuminate\\Database\\Connection->runQueryCallback('insert into `ca...', Array, Object(Closure))
#3 /Users/denisbespalov/Documents/STrack/backend/vendor/laravel/framework/src/Illuminate/Database/MySqlConnection.php(42): Illuminate\\Database\\Connection->run('insert into `ca...', Array, Object(Closure))
#4 /Users/denisbespalov/Documents/STrack/backend/vendor/laravel/framework/src/Illuminate/Database/Query/Processors/MySqlProcessor.php(35): Illuminate\\Database\\MySqlConnection->insert('insert into `ca...', Array, 'id')
#5 /Users/denisbespalov/Documents/STrack/backend/vendor/laravel/framework/src/Illuminate/Database/Query/Builder.php(3766): Illuminate\\Database\\Query\\Processors\\MySqlProcessor->processInsertGetId(Object(Illuminate\\Database\\Query\\Builder), 'insert into `ca...', Array, 'id')
#6 /Users/denisbespalov/Documents/STrack/backend/vendor/laravel/framework/src/Illuminate/Database/Eloquent/Builder.php(2120): Illuminate\\Database\\Query\\Builder->insertGetId(Array, 'id')
#7 /Users/denisbespalov/Documents/STrack/backend/vendor/laravel/framework/src/Illuminate/Database/Eloquent/Model.php(1359): Illuminate\\Database\\Eloquent\\Builder->__call('insertGetId', Array)
#8 /Users/denisbespalov/Documents/STrack/backend/vendor/laravel/framework/src/Illuminate/Database/Eloquent/Model.php(1324): Illuminate\\Database\\Eloquent\\Model->insertAndSetId(Object(Illuminate\\Database\\Eloquent\\Builder), Array)
#9 /Users/denisbespalov/Documents/STrack/backend/vendor/laravel/framework/src/Illuminate/Database/Eloquent/Model.php(1163): Illuminate\\Database\\Eloquent\\Model->performInsert(Object(Illuminate\\Database\\Eloquent\\Builder))
#10 /Users/denisbespalov/Documents/STrack/backend/vendor/laravel/framework/src/Illuminate/Database/Eloquent/Relations/HasOneOrMany.php(371): Illuminate\\Database\\Eloquent\\Model->save()
#11 /Users/denisbespalov/Documents/STrack/backend/vendor/laravel/framework/src/Illuminate/Support/helpers.php(399): Illuminate\\Database\\Eloquent\\Relations\\HasOneOrMany->{closure:Illuminate\\Database\\Eloquent\\Relations\\HasOneOrMany::create():368}(Object(App\\Models\\Car))
#12 /Users/denisbespalov/Documents/STrack/backend/vendor/laravel/framework/src/Illuminate/Database/Eloquent/Relations/HasOneOrMany.php(368): tap(Object(App\\Models\\Car), Object(Closure))
#13 /Users/denisbespalov/Documents/STrack/backend/app/Http/Controllers/Api/CarController.php(54): Illuminate\\Database\\Eloquent\\Relations\\HasOneOrMany->create(Array)
#14 /Users/denisbespalov/Documents/STrack/backend/vendor/laravel/framework/src/Illuminate/Routing/ControllerDispatcher.php(47): App\\Http\\Controllers\\Api\\CarController->store(Object(Illuminate\\Http\\Request))
#15 /Users/denisbespalov/Documents/STrack/backend/vendor/laravel/framework/src/Illuminate/Routing/Route.php(266): Illuminate\\Routing\\ControllerDispatcher->dispatch(Object(Illuminate\\Routing\\Route), Object(App\\Http\\Controllers\\Api\\CarController), 'store')
#16 /Users/denisbespalov/Documents/STrack/backend/vendor/laravel/framework/src/Illuminate/Routing/Route.php(212): Illuminate\\Routing\\Route->runController()
#17 /Users/denisbespalov/Documents/STrack/backend/vendor/laravel/framework/src/Illuminate/Routing/Router.php(808): Illuminate\\Routing\\Route->run()
#18 /Users/denisbespalov/Documents/STrack/backend/vendor/laravel/framework/src/Illuminate/Pipeline/Pipeline.php(170): Illuminate\\Routing\\Router->{closure:Illuminate\\Routing\\Router::runRouteWithinStack():807}(Object(Illuminate\\Http\\Request))
#19 /Users/denisbespalov/Documents/STrack/backend/vendor/laravel/framework/src/Illuminate/Routing/Middleware/SubstituteBindings.php(51): Illuminate\\Pipeline\\Pipeline->{closure:Illuminate\\Pipeline\\Pipeline::prepareDestination():168}(Object(Illuminate\\Http\\Request))
#20 /Users/denisbespalov/Documents/STrack/backend/vendor/laravel/framework/src/Illuminate/Pipeline/Pipeline.php(209): Illuminate\\Routing\\Middleware\\SubstituteBindings->handle(Object(Illuminate\\Http\\Request), Object(Closure))
#21 /Users/denisbespalov/Documents/STrack/backend/vendor/laravel/framework/src/Illuminate/Auth/Middleware/Authenticate.php(64): Illuminate\\Pipeline\\Pipeline->{closure:{closure:Illuminate\\Pipeline\\Pipeline::carry():184}:185}(Object(Illuminate\\Http\\Request))
#22 /Users/denisbespalov/Documents/STrack/backend/vendor/laravel/framework/src/Illuminate/Pipeline/Pipeline.php(209): Illuminate\\Auth\\Middleware\\Authenticate->handle(Object(Illuminate\\Http\\Request), Object(Closure), 'sanctum')
#23 /Users/denisbespalov/Documents/STrack/backend/vendor/laravel/framework/src/Illuminate/Pipeline/Pipeline.php(127): Illuminate\\Pipeline\\Pipeline->{closure:{closure:Illuminate\\Pipeline\\Pipeline::carry():184}:185}(Object(Illuminate\\Http\\Request))
#24 /Users/denisbespalov/Documents/STrack/backend/vendor/laravel/framework/src/Illuminate/Routing/Router.php(807): Illuminate\\Pipeline\\Pipeline->then(Object(Closure))
#25 /Users/denisbespalov/Documents/STrack/backend/vendor/laravel/framework/src/Illuminate/Routing/Router.php(786): Illuminate\\Routing\\Router->runRouteWithinStack(Object(Illuminate\\Routing\\Route), Object(Illuminate\\Http\\Request))
#26 /Users/denisbespalov/Documents/STrack/backend/vendor/laravel/framework/src/Illuminate/Routing/Router.php(750): Illuminate\\Routing\\Router->runRoute(Object(Illuminate\\Http\\Request), Object(Illuminate\\Routing\\Route))
#27 /Users/denisbespalov/Documents/STrack/backend/vendor/laravel/framework/src/Illuminate/Routing/Router.php(739): Illuminate\\Routing\\Router->dispatchToRoute(Object(Illuminate\\Http\\Request))
#28 /Users/denisbespalov/Documents/STrack/backend/vendor/laravel/framework/src/Illuminate/Foundation/Http/Kernel.php(201): Illuminate\\Routing\\Router->dispatch(Object(Illuminate\\Http\\Request))
#29 /Users/denisbespalov/Documents/STrack/backend/vendor/laravel/framework/src/Illuminate/Pipeline/Pipeline.php(170): Illuminate\\Foundation\\Http\\Kernel->{closure:Illuminate\\Foundation\\Http\\Kernel::dispatchToRouter():198}(Object(Illuminate\\Http\\Request))
#30 /Users/denisbespalov/Documents/STrack/backend/vendor/laravel/framework/src/Illuminate/Foundation/Http/Middleware/TransformsRequest.php(21): Illuminate\\Pipeline\\Pipeline->{closure:Illuminate\\Pipeline\\Pipeline::prepareDestination():168}(Object(Illuminate\\Http\\Request))
#31 /Users/denisbespalov/Documents/STrack/backend/vendor/laravel/framework/src/Illuminate/Foundation/Http/Middleware/ConvertEmptyStringsToNull.php(31): Illuminate\\Foundation\\Http\\Middleware\\TransformsRequest->handle(Object(Illuminate\\Http\\Request), Object(Closure))
#32 /Users/denisbespalov/Documents/STrack/backend/vendor/laravel/framework/src/Illuminate/Pipeline/Pipeline.php(209): Illuminate\\Foundation\\Http\\Middleware\\ConvertEmptyStringsToNull->handle(Object(Illuminate\\Http\\Request), Object(Closure))
#33 /Users/denisbespalov/Documents/STrack/backend/vendor/laravel/framework/src/Illuminate/Foundation/Http/Middleware/TransformsRequest.php(21): Illuminate\\Pipeline\\Pipeline->{closure:{closure:Illuminate\\Pipeline\\Pipeline::carry():184}:185}(Object(Illuminate\\Http\\Request))
#34 /Users/denisbespalov/Documents/STrack/backend/vendor/laravel/framework/src/Illuminate/Foundation/Http/Middleware/TrimStrings.php(51): Illuminate\\Foundation\\Http\\Middleware\\TransformsRequest->handle(Object(Illuminate\\Http\\Request), Object(Closure))
#35 /Users/denisbespalov/Documents/STrack/backend/vendor/laravel/framework/src/Illuminate/Pipeline/Pipeline.php(209): Illuminate\\Foundation\\Http\\Middleware\\TrimStrings->handle(Object(Illuminate\\Http\\Request), Object(Closure))
#36 /Users/denisbespalov/Documents/STrack/backend/vendor/laravel/framework/src/Illuminate/Http/Middleware/ValidatePostSize.php(27): Illuminate\\Pipeline\\Pipeline->{closure:{closure:Illuminate\\Pipeline\\Pipeline::carry():184}:185}(Object(Illuminate\\Http\\Request))
#37 /Users/denisbespalov/Documents/STrack/backend/vendor/laravel/framework/src/Illuminate/Pipeline/Pipeline.php(209): Illuminate\\Http\\Middleware\\ValidatePostSize->handle(Object(Illuminate\\Http\\Request), Object(Closure))
#38 /Users/denisbespalov/Documents/STrack/backend/vendor/laravel/framework/src/Illuminate/Foundation/Http/Middleware/PreventRequestsDuringMaintenance.php(110): Illuminate\\Pipeline\\Pipeline->{closure:{closure:Illuminate\\Pipeline\\Pipeline::carry():184}:185}(Object(Illuminate\\Http\\Request))
#39 /Users/denisbespalov/Documents/STrack/backend/vendor/laravel/framework/src/Illuminate/Pipeline/Pipeline.php(209): Illuminate\\Foundation\\Http\\Middleware\\PreventRequestsDuringMaintenance->handle(Object(Illuminate\\Http\\Request), Object(Closure))
#40 /Users/denisbespalov/Documents/STrack/backend/vendor/laravel/framework/src/Illuminate/Http/Middleware/HandleCors.php(62): Illuminate\\Pipeline\\Pipeline->{closure:{closure:Illuminate\\Pipeline\\Pipeline::carry():184}:185}(Object(Illuminate\\Http\\Request))
#41 /Users/denisbespalov/Documents/STrack/backend/vendor/laravel/framework/src/Illuminate/Pipeline/Pipeline.php(209): Illuminate\\Http\\Middleware\\HandleCors->handle(Object(Illuminate\\Http\\Request), Object(Closure))
#42 /Users/denisbespalov/Documents/STrack/backend/vendor/laravel/framework/src/Illuminate/Http/Middleware/TrustProxies.php(58): Illuminate\\Pipeline\\Pipeline->{closure:{closure:Illuminate\\Pipeline\\Pipeline::carry():184}:185}(Object(Illuminate\\Http\\Request))
#43 /Users/denisbespalov/Documents/STrack/backend/vendor/laravel/framework/src/Illuminate/Pipeline/Pipeline.php(209): Illuminate\\Http\\Middleware\\TrustProxies->handle(Object(Illuminate\\Http\\Request), Object(Closure))
#44 /Users/denisbespalov/Documents/STrack/backend/vendor/laravel/framework/src/Illuminate/Foundation/Http/Middleware/InvokeDeferredCallbacks.php(22): Illuminate\\Pipeline\\Pipeline->{closure:{closure:Illuminate\\Pipeline\\Pipeline::carry():184}:185}(Object(Illuminate\\Http\\Request))
#45 /Users/denisbespalov/Documents/STrack/backend/vendor/laravel/framework/src/Illuminate/Pipeline/Pipeline.php(209): Illuminate\\Foundation\\Http\\Middleware\\InvokeDeferredCallbacks->handle(Object(Illuminate\\Http\\Request), Object(Closure))
#46 /Users/denisbespalov/Documents/STrack/backend/app/Http/Middleware/SetSecurityHeaders.php(13): Illuminate\\Pipeline\\Pipeline->{closure:{closure:Illuminate\\Pipeline\\Pipeline::carry():184}:185}(Object(Illuminate\\Http\\Request))
#47 /Users/denisbespalov/Documents/STrack/backend/vendor/laravel/framework/src/Illuminate/Pipeline/Pipeline.php(209): App\\Http\\Middleware\\SetSecurityHeaders->handle(Object(Illuminate\\Http\\Request), Object(Closure))
#48 /Users/denisbespalov/Documents/STrack/backend/vendor/laravel/framework/src/Illuminate/Pipeline/Pipeline.php(127): Illuminate\\Pipeline\\Pipeline->{closure:{closure:Illuminate\\Pipeline\\Pipeline::carry():184}:185}(Object(Illuminate\\Http\\Request))
#49 /Users/denisbespalov/Documents/STrack/backend/vendor/laravel/framework/src/Illuminate/Foundation/Http/Kernel.php(176): Illuminate\\Pipeline\\Pipeline->then(Object(Closure))
#50 /Users/denisbespalov/Documents/STrack/backend/vendor/laravel/framework/src/Illuminate/Foundation/Http/Kernel.php(145): Illuminate\\Foundation\\Http\\Kernel->sendRequestThroughRouter(Object(Illuminate\\Http\\Request))
#51 /Users/denisbespalov/Documents/STrack/backend/vendor/laravel/framework/src/Illuminate/Foundation/Application.php(1220): Illuminate\\Foundation\\Http\\Kernel->handle(Object(Illuminate\\Http\\Request))
#52 /Users/denisbespalov/Documents/STrack/backend/public/index.php(14): Illuminate\\Foundation\\Application->handleRequest(Object(Illuminate\\Http\\Request))
#53 /Users/denisbespalov/Documents/STrack/backend/vendor/laravel/framework/src/Illuminate/Foundation/resources/server.php(23): require_once('/Users/denisbes...')
#54 {main}
"} 
[2026-06-13 09:15:22] local.ERROR: SQLSTATE[42S02]: Base table or view not found: 1146 Table 'car_tracker.car_documents' doesn't exist (Connection: mysql, SQL: select `cars`.*, (select count(*) from `fuel_logs` where `cars`.`id` = `fuel_logs`.`car_id`) as `fuel_logs_count`, (select count(*) from `repairs` where `cars`.`id` = `repairs`.`car_id`) as `repairs_count`, (select count(*) from `mods` where `cars`.`id` = `mods`.`car_id`) as `mods_count`, (select count(*) from `car_documents` where `cars`.`id` = `car_documents`.`car_id`) as `documents_count`, (select count(*) from `wishlist_items` where `cars`.`id` = `wishlist_items`.`car_id`) as `wishlist_items_count`, (select sum(`fuel_logs`.`total_price`) from `fuel_logs` where `cars`.`id` = `fuel_logs`.`car_id`) as `fuel_logs_total_spent`, (select sum(`repairs`.`cost`) from `repairs` where `cars`.`id` = `repairs`.`car_id`) as `repairs_total_spent`, (select sum(`mods`.`cost`) from `mods` where `cars`.`id` = `mods`.`car_id`) as `mods_total_spent`, (select sum(`wishlist_items`.`estimated_price`) from `wishlist_items` where `cars`.`id` = `wishlist_items`.`car_id`) as `wishlist_total_estimated` from `cars` where `user_id` = 1 order by `brand` asc, `model` asc) {"userId":1,"exception":"[object] (Illuminate\\Database\\QueryException(code: 42S02): SQLSTATE[42S02]: Base table or view not found: 1146 Table 'car_tracker.car_documents' doesn't exist (Connection: mysql, SQL: select `cars`.*, (select count(*) from `fuel_logs` where `cars`.`id` = `fuel_logs`.`car_id`) as `fuel_logs_count`, (select count(*) from `repairs` where `cars`.`id` = `repairs`.`car_id`) as `repairs_count`, (select count(*) from `mods` where `cars`.`id` = `mods`.`car_id`) as `mods_count`, (select count(*) from `car_documents` where `cars`.`id` = `car_documents`.`car_id`) as `documents_count`, (select count(*) from `wishlist_items` where `cars`.`id` = `wishlist_items`.`car_id`) as `wishlist_items_count`, (select sum(`fuel_logs`.`total_price`) from `fuel_logs` where `cars`.`id` = `fuel_logs`.`car_id`) as `fuel_logs_total_spent`, (select sum(`repairs`.`cost`) from `repairs` where `cars`.`id` = `repairs`.`car_id`) as `repairs_total_spent`, (select sum(`mods`.`cost`) from `mods` where `cars`.`id` = `mods`.`car_id`) as `mods_total_spent`, (select sum(`wishlist_items`.`estimated_price`) from `wishlist_items` where `cars`.`id` = `wishlist_items`.`car_id`) as `wishlist_total_estimated` from `cars` where `user_id` = 1 order by `brand` asc, `model` asc) at /Users/denisbespalov/Documents/STrack/backend/vendor/laravel/framework/src/Illuminate/Database/Connection.php:825)
[stacktrace]
#0 /Users/denisbespalov/Documents/STrack/backend/vendor/laravel/framework/src/Illuminate/Database/Connection.php(779): Illuminate\\Database\\Connection->runQueryCallback('select `cars`.*...', Array, Object(Closure))
#1 /Users/denisbespalov/Documents/STrack/backend/vendor/laravel/framework/src/Illuminate/Database/Connection.php(398): Illuminate\\Database\\Connection->run('select `cars`.*...', Array, Object(Closure))
#2 /Users/denisbespalov/Documents/STrack/backend/vendor/laravel/framework/src/Illuminate/Database/Query/Builder.php(3106): Illuminate\\Database\\Connection->select('select `cars`.*...', Array, true)
#3 /Users/denisbespalov/Documents/STrack/backend/vendor/laravel/framework/src/Illuminate/Database/Query/Builder.php(3091): Illuminate\\Database\\Query\\Builder->runSelect()
#4 /Users/denisbespalov/Documents/STrack/backend/vendor/laravel/framework/src/Illuminate/Database/Query/Builder.php(3676): Illuminate\\Database\\Query\\Builder->{closure:Illuminate\\Database\\Query\\Builder::get():3090}()
#5 /Users/denisbespalov/Documents/STrack/backend/vendor/laravel/framework/src/Illuminate/Database/Query/Builder.php(3090): Illuminate\\Database\\Query\\Builder->onceWithColumns(Array, Object(Closure))
#6 /Users/denisbespalov/Documents/STrack/backend/vendor/laravel/framework/src/Illuminate/Database/Eloquent/Builder.php(811): Illuminate\\Database\\Query\\Builder->get(Array)
#7 /Users/denisbespalov/Documents/STrack/backend/vendor/laravel/framework/src/Illuminate/Database/Eloquent/Builder.php(793): Illuminate\\Database\\Eloquent\\Builder->getModels(Array)
#8 /Users/denisbespalov/Documents/STrack/backend/app/Http/Controllers/Api/CarController.php(34): Illuminate\\Database\\Eloquent\\Builder->get()
#9 /Users/denisbespalov/Documents/STrack/backend/vendor/laravel/framework/src/Illuminate/Routing/ControllerDispatcher.php(47): App\\Http\\Controllers\\Api\\CarController->index(Object(Illuminate\\Http\\Request))
#10 /Users/denisbespalov/Documents/STrack/backend/vendor/laravel/framework/src/Illuminate/Routing/Route.php(266): Illuminate\\Routing\\ControllerDispatcher->dispatch(Object(Illuminate\\Routing\\Route), Object(App\\Http\\Controllers\\Api\\CarController), 'index')
#11 /Users/denisbespalov/Documents/STrack/backend/vendor/laravel/framework/src/Illuminate/Routing/Route.php(212): Illuminate\\Routing\\Route->runController()
#12 /Users/denisbespalov/Documents/STrack/backend/vendor/laravel/framework/src/Illuminate/Routing/Router.php(808): Illuminate\\Routing\\Route->run()
#13 /Users/denisbespalov/Documents/STrack/backend/vendor/laravel/framework/src/Illuminate/Pipeline/Pipeline.php(170): Illuminate\\Routing\\Router->{closure:Illuminate\\Routing\\Router::runRouteWithinStack():807}(Object(Illuminate\\Http\\Request))
#14 /Users/denisbespalov/Documents/STrack/backend/vendor/laravel/framework/src/Illuminate/Routing/Middleware/SubstituteBindings.php(51): Illuminate\\Pipeline\\Pipeline->{closure:Illuminate\\Pipeline\\Pipeline::prepareDestination():168}(Object(Illuminate\\Http\\Request))
#15 /Users/denisbespalov/Documents/STrack/backend/vendor/laravel/framework/src/Illuminate/Pipeline/Pipeline.php(209): Illuminate\\Routing\\Middleware\\SubstituteBindings->handle(Object(Illuminate\\Http\\Request), Object(Closure))
#16 /Users/denisbespalov/Documents/STrack/backend/vendor/laravel/framework/src/Illuminate/Auth/Middleware/Authenticate.php(64): Illuminate\\Pipeline\\Pipeline->{closure:{closure:Illuminate\\Pipeline\\Pipeline::carry():184}:185}(Object(Illuminate\\Http\\Request))
#17 /Users/denisbespalov/Documents/STrack/backend/vendor/laravel/framework/src/Illuminate/Pipeline/Pipeline.php(209): Illuminate\\Auth\\Middleware\\Authenticate->handle(Object(Illuminate\\Http\\Request), Object(Closure), 'sanctum')
#18 /Users/denisbespalov/Documents/STrack/backend/vendor/laravel/framework/src/Illuminate/Pipeline/Pipeline.php(127): Illuminate\\Pipeline\\Pipeline->{closure:{closure:Illuminate\\Pipeline\\Pipeline::carry():184}:185}(Object(Illuminate\\Http\\Request))
#19 /Users/denisbespalov/Documents/STrack/backend/vendor/laravel/framework/src/Illuminate/Routing/Router.php(807): Illuminate\\Pipeline\\Pipeline->then(Object(Closure))
#20 /Users/denisbespalov/Documents/STrack/backend/vendor/laravel/framework/src/Illuminate/Routing/Router.php(786): Illuminate\\Routing\\Router->runRouteWithinStack(Object(Illuminate\\Routing\\Route), Object(Illuminate\\Http\\Request))
#21 /Users/denisbespalov/Documents/STrack/backend/vendor/laravel/framework/src/Illuminate/Routing/Router.php(750): Illuminate\\Routing\\Router->runRoute(Object(Illuminate\\Http\\Request), Object(Illuminate\\Routing\\Route))
#22 /Users/denisbespalov/Documents/STrack/backend/vendor/laravel/framework/src/Illuminate/Routing/Router.php(739): Illuminate\\Routing\\Router->dispatchToRoute(Object(Illuminate\\Http\\Request))
#23 /Users/denisbespalov/Documents/STrack/backend/vendor/laravel/framework/src/Illuminate/Foundation/Http/Kernel.php(201): Illuminate\\Routing\\Router->dispatch(Object(Illuminate\\Http\\Request))
#24 /Users/denisbespalov/Documents/STrack/backend/vendor/laravel/framework/src/Illuminate/Pipeline/Pipeline.php(170): Illuminate\\Foundation\\Http\\Kernel->{closure:Illuminate\\Foundation\\Http\\Kernel::dispatchToRouter():198}(Object(Illuminate\\Http\\Request))
#25 /Users/denisbespalov/Documents/STrack/backend/vendor/laravel/framework/src/Illuminate/Foundation/Http/Middleware/TransformsRequest.php(21): Illuminate\\Pipeline\\Pipeline->{closure:Illuminate\\Pipeline\\Pipeline::prepareDestination():168}(Object(Illuminate\\Http\\Request))
#26 /Users/denisbespalov/Documents/STrack/backend/vendor/laravel/framework/src/Illuminate/Foundation/Http/Middleware/ConvertEmptyStringsToNull.php(31): Illuminate\\Foundation\\Http\\Middleware\\TransformsRequest->handle(Object(Illuminate\\Http\\Request), Object(Closure))
#27 /Users/denisbespalov/Documents/STrack/backend/vendor/laravel/framework/src/Illuminate/Pipeline/Pipeline.php(209): Illuminate\\Foundation\\Http\\Middleware\\ConvertEmptyStringsToNull->handle(Object(Illuminate\\Http\\Request), Object(Closure))
#28 /Users/denisbespalov/Documents/STrack/backend/vendor/laravel/framework/src/Illuminate/Foundation/Http/Middleware/TransformsRequest.php(21): Illuminate\\Pipeline\\Pipeline->{closure:{closure:Illuminate\\Pipeline\\Pipeline::carry():184}:185}(Object(Illuminate\\Http\\Request))
#29 /Users/denisbespalov/Documents/STrack/backend/vendor/laravel/framework/src/Illuminate/Foundation/Http/Middleware/TrimStrings.php(51): Illuminate\\Foundation\\Http\\Middleware\\TransformsRequest->handle(Object(Illuminate\\Http\\Request), Object(Closure))
#30 /Users/denisbespalov/Documents/STrack/backend/vendor/laravel/framework/src/Illuminate/Pipeline/Pipeline.php(209): Illuminate\\Foundation\\Http\\Middleware\\TrimStrings->handle(Object(Illuminate\\Http\\Request), Object(Closure))
#31 /Users/denisbespalov/Documents/STrack/backend/vendor/laravel/framework/src/Illuminate/Http/Middleware/ValidatePostSize.php(27): Illuminate\\Pipeline\\Pipeline->{closure:{closure:Illuminate\\Pipeline\\Pipeline::carry():184}:185}(Object(Illuminate\\Http\\Request))
#32 /Users/denisbespalov/Documents/STrack/backend/vendor/laravel/framework/src/Illuminate/Pipeline/Pipeline.php(209): Illuminate\\Http\\Middleware\\ValidatePostSize->handle(Object(Illuminate\\Http\\Request), Object(Closure))
#33 /Users/denisbespalov/Documents/STrack/backend/vendor/laravel/framework/src/Illuminate/Foundation/Http/Middleware/PreventRequestsDuringMaintenance.php(110): Illuminate\\Pipeline\\Pipeline->{closure:{closure:Illuminate\\Pipeline\\Pipeline::carry():184}:185}(Object(Illuminate\\Http\\Request))
#34 /Users/denisbespalov/Documents/STrack/backend/vendor/laravel/framework/src/Illuminate/Pipeline/Pipeline.php(209): Illuminate\\Foundation\\Http\\Middleware\\PreventRequestsDuringMaintenance->handle(Object(Illuminate\\Http\\Request), Object(Closure))
#35 /Users/denisbespalov/Documents/STrack/backend/vendor/laravel/framework/src/Illuminate/Http/Middleware/HandleCors.php(62): Illuminate\\Pipeline\\Pipeline->{closure:{closure:Illuminate\\Pipeline\\Pipeline::carry():184}:185}(Object(Illuminate\\Http\\Request))
#36 /Users/denisbespalov/Documents/STrack/backend/vendor/laravel/framework/src/Illuminate/Pipeline/Pipeline.php(209): Illuminate\\Http\\Middleware\\HandleCors->handle(Object(Illuminate\\Http\\Request), Object(Closure))
#37 /Users/denisbespalov/Documents/STrack/backend/vendor/laravel/framework/src/Illuminate/Http/Middleware/TrustProxies.php(58): Illuminate\\Pipeline\\Pipeline->{closure:{closure:Illuminate\\Pipeline\\Pipeline::carry():184}:185}(Object(Illuminate\\Http\\Request))
#38 /Users/denisbespalov/Documents/STrack/backend/vendor/laravel/framework/src/Illuminate/Pipeline/Pipeline.php(209): Illuminate\\Http\\Middleware\\TrustProxies->handle(Object(Illuminate\\Http\\Request), Object(Closure))
#39 /Users/denisbespalov/Documents/STrack/backend/vendor/laravel/framework/src/Illuminate/Foundation/Http/Middleware/InvokeDeferredCallbacks.php(22): Illuminate\\Pipeline\\Pipeline->{closure:{closure:Illuminate\\Pipeline\\Pipeline::carry():184}:185}(Object(Illuminate\\Http\\Request))
#40 /Users/denisbespalov/Documents/STrack/backend/vendor/laravel/framework/src/Illuminate/Pipeline/Pipeline.php(209): Illuminate\\Foundation\\Http\\Middleware\\InvokeDeferredCallbacks->handle(Object(Illuminate\\Http\\Request), Object(Closure))
#41 /Users/denisbespalov/Documents/STrack/backend/app/Http/Middleware/SetSecurityHeaders.php(13): Illuminate\\Pipeline\\Pipeline->{closure:{closure:Illuminate\\Pipeline\\Pipeline::carry():184}:185}(Object(Illuminate\\Http\\Request))
#42 /Users/denisbespalov/Documents/STrack/backend/vendor/laravel/framework/src/Illuminate/Pipeline/Pipeline.php(209): App\\Http\\Middleware\\SetSecurityHeaders->handle(Object(Illuminate\\Http\\Request), Object(Closure))
#43 /Users/denisbespalov/Documents/STrack/backend/vendor/laravel/framework/src/Illuminate/Pipeline/Pipeline.php(127): Illuminate\\Pipeline\\Pipeline->{closure:{closure:Illuminate\\Pipeline\\Pipeline::carry():184}:185}(Object(Illuminate\\Http\\Request))
#44 /Users/denisbespalov/Documents/STrack/backend/vendor/laravel/framework/src/Illuminate/Foundation/Http/Kernel.php(176): Illuminate\\Pipeline\\Pipeline->then(Object(Closure))
#45 /Users/denisbespalov/Documents/STrack/backend/vendor/laravel/framework/src/Illuminate/Foundation/Http/Kernel.php(145): Illuminate\\Foundation\\Http\\Kernel->sendRequestThroughRouter(Object(Illuminate\\Http\\Request))
#46 /Users/denisbespalov/Documents/STrack/backend/vendor/laravel/framework/src/Illuminate/Foundation/Application.php(1220): Illuminate\\Foundation\\Http\\Kernel->handle(Object(Illuminate\\Http\\Request))
#47 /Users/denisbespalov/Documents/STrack/backend/public/index.php(14): Illuminate\\Foundation\\Application->handleRequest(Object(Illuminate\\Http\\Request))
#48 /Users/denisbespalov/Documents/STrack/backend/vendor/laravel/framework/src/Illuminate/Foundation/resources/server.php(23): require_once('/Users/denisbes...')
#49 {main}

[previous exception] [object] (PDOException(code: 42S02): SQLSTATE[42S02]: Base table or view not found: 1146 Table 'car_tracker.car_documents' doesn't exist at /Users/denisbespalov/Documents/STrack/backend/vendor/laravel/framework/src/Illuminate/Database/Connection.php:407)
[stacktrace]
#0 /Users/denisbespalov/Documents/STrack/backend/vendor/laravel/framework/src/Illuminate/Database/Connection.php(407): PDO->prepare('select `cars`.*...')
#1 /Users/denisbespalov/Documents/STrack/backend/vendor/laravel/framework/src/Illuminate/Database/Connection.php(812): Illuminate\\Database\\Connection->{closure:Illuminate\\Database\\Connection::select():398}('select `cars`.*...', Array)
#2 /Users/denisbespalov/Documents/STrack/backend/vendor/laravel/framework/src/Illuminate/Database/Connection.php(779): Illuminate\\Database\\Connection->runQueryCallback('select `cars`.*...', Array, Object(Closure))
#3 /Users/denisbespalov/Documents/STrack/backend/vendor/laravel/framework/src/Illuminate/Database/Connection.php(398): Illuminate\\Database\\Connection->run('select `cars`.*...', Array, Object(Closure))
#4 /Users/denisbespalov/Documents/STrack/backend/vendor/laravel/framework/src/Illuminate/Database/Query/Builder.php(3106): Illuminate\\Database\\Connection->select('select `cars`.*...', Array, true)
#5 /Users/denisbespalov/Documents/STrack/backend/vendor/laravel/framework/src/Illuminate/Database/Query/Builder.php(3091): Illuminate\\Database\\Query\\Builder->runSelect()
#6 /Users/denisbespalov/Documents/STrack/backend/vendor/laravel/framework/src/Illuminate/Database/Query/Builder.php(3676): Illuminate\\Database\\Query\\Builder->{closure:Illuminate\\Database\\Query\\Builder::get():3090}()
#7 /Users/denisbespalov/Documents/STrack/backend/vendor/laravel/framework/src/Illuminate/Database/Query/Builder.php(3090): Illuminate\\Database\\Query\\Builder->onceWithColumns(Array, Object(Closure))
#8 /Users/denisbespalov/Documents/STrack/backend/vendor/laravel/framework/src/Illuminate/Database/Eloquent/Builder.php(811): Illuminate\\Database\\Query\\Builder->get(Array)
#9 /Users/denisbespalov/Documents/STrack/backend/vendor/laravel/framework/src/Illuminate/Database/Eloquent/Builder.php(793): Illuminate\\Database\\Eloquent\\Builder->getModels(Array)
#10 /Users/denisbespalov/Documents/STrack/backend/app/Http/Controllers/Api/CarController.php(34): Illuminate\\Database\\Eloquent\\Builder->get()
#11 /Users/denisbespalov/Documents/STrack/backend/vendor/laravel/framework/src/Illuminate/Routing/ControllerDispatcher.php(47): App\\Http\\Controllers\\Api\\CarController->index(Object(Illuminate\\Http\\Request))
#12 /Users/denisbespalov/Documents/STrack/backend/vendor/laravel/framework/src/Illuminate/Routing/Route.php(266): Illuminate\\Routing\\ControllerDispatcher->dispatch(Object(Illuminate\\Routing\\Route), Object(App\\Http\\Controllers\\Api\\CarController), 'index')
#13 /Users/denisbespalov/Documents/STrack/backend/vendor/laravel/framework/src/Illuminate/Routing/Route.php(212): Illuminate\\Routing\\Route->runController()
#14 /Users/denisbespalov/Documents/STrack/backend/vendor/laravel/framework/src/Illuminate/Routing/Router.php(808): Illuminate\\Routing\\Route->run()
#15 /Users/denisbespalov/Documents/STrack/backend/vendor/laravel/framework/src/Illuminate/Pipeline/Pipeline.php(170): Illuminate\\Routing\\Router->{closure:Illuminate\\Routing\\Router::runRouteWithinStack():807}(Object(Illuminate\\Http\\Request))
#16 /Users/denisbespalov/Documents/STrack/backend/vendor/laravel/framework/src/Illuminate/Routing/Middleware/SubstituteBindings.php(51): Illuminate\\Pipeline\\Pipeline->{closure:Illuminate\\Pipeline\\Pipeline::prepareDestination():168}(Object(Illuminate\\Http\\Request))
#17 /Users/denisbespalov/Documents/STrack/backend/vendor/laravel/framework/src/Illuminate/Pipeline/Pipeline.php(209): Illuminate\\Routing\\Middleware\\SubstituteBindings->handle(Object(Illuminate\\Http\\Request), Object(Closure))
#18 /Users/denisbespalov/Documents/STrack/backend/vendor/laravel/framework/src/Illuminate/Auth/Middleware/Authenticate.php(64): Illuminate\\Pipeline\\Pipeline->{closure:{closure:Illuminate\\Pipeline\\Pipeline::carry():184}:185}(Object(Illuminate\\Http\\Request))
#19 /Users/denisbespalov/Documents/STrack/backend/vendor/laravel/framework/src/Illuminate/Pipeline/Pipeline.php(209): Illuminate\\Auth\\Middleware\\Authenticate->handle(Object(Illuminate\\Http\\Request), Object(Closure), 'sanctum')
#20 /Users/denisbespalov/Documents/STrack/backend/vendor/laravel/framework/src/Illuminate/Pipeline/Pipeline.php(127): Illuminate\\Pipeline\\Pipeline->{closure:{closure:Illuminate\\Pipeline\\Pipeline::carry():184}:185}(Object(Illuminate\\Http\\Request))
#21 /Users/denisbespalov/Documents/STrack/backend/vendor/laravel/framework/src/Illuminate/Routing/Router.php(807): Illuminate\\Pipeline\\Pipeline->then(Object(Closure))
#22 /Users/denisbespalov/Documents/STrack/backend/vendor/laravel/framework/src/Illuminate/Routing/Router.php(786): Illuminate\\Routing\\Router->runRouteWithinStack(Object(Illuminate\\Routing\\Route), Object(Illuminate\\Http\\Request))
#23 /Users/denisbespalov/Documents/STrack/backend/vendor/laravel/framework/src/Illuminate/Routing/Router.php(750): Illuminate\\Routing\\Router->runRoute(Object(Illuminate\\Http\\Request), Object(Illuminate\\Routing\\Route))
#24 /Users/denisbespalov/Documents/STrack/backend/vendor/laravel/framework/src/Illuminate/Routing/Router.php(739): Illuminate\\Routing\\Router->dispatchToRoute(Object(Illuminate\\Http\\Request))
#25 /Users/denisbespalov/Documents/STrack/backend/vendor/laravel/framework/src/Illuminate/Foundation/Http/Kernel.php(201): Illuminate\\Routing\\Router->dispatch(Object(Illuminate\\Http\\Request))
#26 /Users/denisbespalov/Documents/STrack/backend/vendor/laravel/framework/src/Illuminate/Pipeline/Pipeline.php(170): Illuminate\\Foundation\\Http\\Kernel->{closure:Illuminate\\Foundation\\Http\\Kernel::dispatchToRouter():198}(Object(Illuminate\\Http\\Request))
#27 /Users/denisbespalov/Documents/STrack/backend/vendor/laravel/framework/src/Illuminate/Foundation/Http/Middleware/TransformsRequest.php(21): Illuminate\\Pipeline\\Pipeline->{closure:Illuminate\\Pipeline\\Pipeline::prepareDestination():168}(Object(Illuminate\\Http\\Request))
#28 /Users/denisbespalov/Documents/STrack/backend/vendor/laravel/framework/src/Illuminate/Foundation/Http/Middleware/ConvertEmptyStringsToNull.php(31): Illuminate\\Foundation\\Http\\Middleware\\TransformsRequest->handle(Object(Illuminate\\Http\\Request), Object(Closure))
#29 /Users/denisbespalov/Documents/STrack/backend/vendor/laravel/framework/src/Illuminate/Pipeline/Pipeline.php(209): Illuminate\\Foundation\\Http\\Middleware\\ConvertEmptyStringsToNull->handle(Object(Illuminate\\Http\\Request), Object(Closure))
#30 /Users/denisbespalov/Documents/STrack/backend/vendor/laravel/framework/src/Illuminate/Foundation/Http/Middleware/TransformsRequest.php(21): Illuminate\\Pipeline\\Pipeline->{closure:{closure:Illuminate\\Pipeline\\Pipeline::carry():184}:185}(Object(Illuminate\\Http\\Request))
#31 /Users/denisbespalov/Documents/STrack/backend/vendor/laravel/framework/src/Illuminate/Foundation/Http/Middleware/TrimStrings.php(51): Illuminate\\Foundation\\Http\\Middleware\\TransformsRequest->handle(Object(Illuminate\\Http\\Request), Object(Closure))
#32 /Users/denisbespalov/Documents/STrack/backend/vendor/laravel/framework/src/Illuminate/Pipeline/Pipeline.php(209): Illuminate\\Foundation\\Http\\Middleware\\TrimStrings->handle(Object(Illuminate\\Http\\Request), Object(Closure))
#33 /Users/denisbespalov/Documents/STrack/backend/vendor/laravel/framework/src/Illuminate/Http/Middleware/ValidatePostSize.php(27): Illuminate\\Pipeline\\Pipeline->{closure:{closure:Illuminate\\Pipeline\\Pipeline::carry():184}:185}(Object(Illuminate\\Http\\Request))
#34 /Users/denisbespalov/Documents/STrack/backend/vendor/laravel/framework/src/Illuminate/Pipeline/Pipeline.php(209): Illuminate\\Http\\Middleware\\ValidatePostSize->handle(Object(Illuminate\\Http\\Request), Object(Closure))
#35 /Users/denisbespalov/Documents/STrack/backend/vendor/laravel/framework/src/Illuminate/Foundation/Http/Middleware/PreventRequestsDuringMaintenance.php(110): Illuminate\\Pipeline\\Pipeline->{closure:{closure:Illuminate\\Pipeline\\Pipeline::carry():184}:185}(Object(Illuminate\\Http\\Request))
#36 /Users/denisbespalov/Documents/STrack/backend/vendor/laravel/framework/src/Illuminate/Pipeline/Pipeline.php(209): Illuminate\\Foundation\\Http\\Middleware\\PreventRequestsDuringMaintenance->handle(Object(Illuminate\\Http\\Request), Object(Closure))
#37 /Users/denisbespalov/Documents/STrack/backend/vendor/laravel/framework/src/Illuminate/Http/Middleware/HandleCors.php(62): Illuminate\\Pipeline\\Pipeline->{closure:{closure:Illuminate\\Pipeline\\Pipeline::carry():184}:185}(Object(Illuminate\\Http\\Request))
#38 /Users/denisbespalov/Documents/STrack/backend/vendor/laravel/framework/src/Illuminate/Pipeline/Pipeline.php(209): Illuminate\\Http\\Middleware\\HandleCors->handle(Object(Illuminate\\Http\\Request), Object(Closure))
#39 /Users/denisbespalov/Documents/STrack/backend/vendor/laravel/framework/src/Illuminate/Http/Middleware/TrustProxies.php(58): Illuminate\\Pipeline\\Pipeline->{closure:{closure:Illuminate\\Pipeline\\Pipeline::carry():184}:185}(Object(Illuminate\\Http\\Request))
#40 /Users/denisbespalov/Documents/STrack/backend/vendor/laravel/framework/src/Illuminate/Pipeline/Pipeline.php(209): Illuminate\\Http\\Middleware\\TrustProxies->handle(Object(Illuminate\\Http\\Request), Object(Closure))
#41 /Users/denisbespalov/Documents/STrack/backend/vendor/laravel/framework/src/Illuminate/Foundation/Http/Middleware/InvokeDeferredCallbacks.php(22): Illuminate\\Pipeline\\Pipeline->{closure:{closure:Illuminate\\Pipeline\\Pipeline::carry():184}:185}(Object(Illuminate\\Http\\Request))
#42 /Users/denisbespalov/Documents/STrack/backend/vendor/laravel/framework/src/Illuminate/Pipeline/Pipeline.php(209): Illuminate\\Foundation\\Http\\Middleware\\InvokeDeferredCallbacks->handle(Object(Illuminate\\Http\\Request), Object(Closure))
#43 /Users/denisbespalov/Documents/STrack/backend/app/Http/Middleware/SetSecurityHeaders.php(13): Illuminate\\Pipeline\\Pipeline->{closure:{closure:Illuminate\\Pipeline\\Pipeline::carry():184}:185}(Object(Illuminate\\Http\\Request))
#44 /Users/denisbespalov/Documents/STrack/backend/vendor/laravel/framework/src/Illuminate/Pipeline/Pipeline.php(209): App\\Http\\Middleware\\SetSecurityHeaders->handle(Object(Illuminate\\Http\\Request), Object(Closure))
#45 /Users/denisbespalov/Documents/STrack/backend/vendor/laravel/framework/src/Illuminate/Pipeline/Pipeline.php(127): Illuminate\\Pipeline\\Pipeline->{closure:{closure:Illuminate\\Pipeline\\Pipeline::carry():184}:185}(Object(Illuminate\\Http\\Request))
#46 /Users/denisbespalov/Documents/STrack/backend/vendor/laravel/framework/src/Illuminate/Foundation/Http/Kernel.php(176): Illuminate\\Pipeline\\Pipeline->then(Object(Closure))
#47 /Users/denisbespalov/Documents/STrack/backend/vendor/laravel/framework/src/Illuminate/Foundation/Http/Kernel.php(145): Illuminate\\Foundation\\Http\\Kernel->sendRequestThroughRouter(Object(Illuminate\\Http\\Request))
#48 /Users/denisbespalov/Documents/STrack/backend/vendor/laravel/framework/src/Illuminate/Foundation/Application.php(1220): Illuminate\\Foundation\\Http\\Kernel->handle(Object(Illuminate\\Http\\Request))
#49 /Users/denisbespalov/Documents/STrack/backend/public/index.php(14): Illuminate\\Foundation\\Application->handleRequest(Object(Illuminate\\Http\\Request))
#50 /Users/denisbespalov/Documents/STrack/backend/vendor/laravel/framework/src/Illuminate/Foundation/resources/server.php(23): require_once('/Users/denisbes...')
#51 {main}
"} 
[2026-06-13 09:18:34] local.ERROR: SQLSTATE[42S02]: Base table or view not found: 1146 Table 'car_tracker.car_documents' doesn't exist (Connection: mysql, SQL: select `cars`.*, (select count(*) from `fuel_logs` where `cars`.`id` = `fuel_logs`.`car_id`) as `fuel_logs_count`, (select count(*) from `repairs` where `cars`.`id` = `repairs`.`car_id`) as `repairs_count`, (select count(*) from `mods` where `cars`.`id` = `mods`.`car_id`) as `mods_count`, (select count(*) from `car_documents` where `cars`.`id` = `car_documents`.`car_id`) as `documents_count`, (select count(*) from `wishlist_items` where `cars`.`id` = `wishlist_items`.`car_id`) as `wishlist_items_count`, (select sum(`fuel_logs`.`total_price`) from `fuel_logs` where `cars`.`id` = `fuel_logs`.`car_id`) as `fuel_logs_total_spent`, (select sum(`repairs`.`cost`) from `repairs` where `cars`.`id` = `repairs`.`car_id`) as `repairs_total_spent`, (select sum(`mods`.`cost`) from `mods` where `cars`.`id` = `mods`.`car_id`) as `mods_total_spent`, (select sum(`wishlist_items`.`estimated_price`) from `wishlist_items` where `cars`.`id` = `wishlist_items`.`car_id`) as `wishlist_total_estimated` from `cars` where `user_id` = 1 order by `brand` asc, `model` asc) {"userId":1,"exception":"[object] (Illuminate\\Database\\QueryException(code: 42S02): SQLSTATE[42S02]: Base table or view not found: 1146 Table 'car_tracker.car_documents' doesn't exist (Connection: mysql, SQL: select `cars`.*, (select count(*) from `fuel_logs` where `cars`.`id` = `fuel_logs`.`car_id`) as `fuel_logs_count`, (select count(*) from `repairs` where `cars`.`id` = `repairs`.`car_id`) as `repairs_count`, (select count(*) from `mods` where `cars`.`id` = `mods`.`car_id`) as `mods_count`, (select count(*) from `car_documents` where `cars`.`id` = `car_documents`.`car_id`) as `documents_count`, (select count(*) from `wishlist_items` where `cars`.`id` = `wishlist_items`.`car_id`) as `wishlist_items_count`, (select sum(`fuel_logs`.`total_price`) from `fuel_logs` where `cars`.`id` = `fuel_logs`.`car_id`) as `fuel_logs_total_spent`, (select sum(`repairs`.`cost`) from `repairs` where `cars`.`id` = `repairs`.`car_id`) as `repairs_total_spent`, (select sum(`mods`.`cost`) from `mods` where `cars`.`id` = `mods`.`car_id`) as `mods_total_spent`, (select sum(`wishlist_items`.`estimated_price`) from `wishlist_items` where `cars`.`id` = `wishlist_items`.`car_id`) as `wishlist_total_estimated` from `cars` where `user_id` = 1 order by `brand` asc, `model` asc) at /Users/denisbespalov/Documents/STrack/backend/vendor/laravel/framework/src/Illuminate/Database/Connection.php:825)
[stacktrace]
#0 /Users/denisbespalov/Documents/STrack/backend/vendor/laravel/framework/src/Illuminate/Database/Connection.php(779): Illuminate\\Database\\Connection->runQueryCallback('select `cars`.*...', Array, Object(Closure))
#1 /Users/denisbespalov/Documents/STrack/backend/vendor/laravel/framework/src/Illuminate/Database/Connection.php(398): Illuminate\\Database\\Connection->run('select `cars`.*...', Array, Object(Closure))
#2 /Users/denisbespalov/Documents/STrack/backend/vendor/laravel/framework/src/Illuminate/Database/Query/Builder.php(3106): Illuminate\\Database\\Connection->select('select `cars`.*...', Array, true)
#3 /Users/denisbespalov/Documents/STrack/backend/vendor/laravel/framework/src/Illuminate/Database/Query/Builder.php(3091): Illuminate\\Database\\Query\\Builder->runSelect()
#4 /Users/denisbespalov/Documents/STrack/backend/vendor/laravel/framework/src/Illuminate/Database/Query/Builder.php(3676): Illuminate\\Database\\Query\\Builder->{closure:Illuminate\\Database\\Query\\Builder::get():3090}()
#5 /Users/denisbespalov/Documents/STrack/backend/vendor/laravel/framework/src/Illuminate/Database/Query/Builder.php(3090): Illuminate\\Database\\Query\\Builder->onceWithColumns(Array, Object(Closure))
#6 /Users/denisbespalov/Documents/STrack/backend/vendor/laravel/framework/src/Illuminate/Database/Eloquent/Builder.php(811): Illuminate\\Database\\Query\\Builder->get(Array)
#7 /Users/denisbespalov/Documents/STrack/backend/vendor/laravel/framework/src/Illuminate/Database/Eloquent/Builder.php(793): Illuminate\\Database\\Eloquent\\Builder->getModels(Array)
#8 /Users/denisbespalov/Documents/STrack/backend/app/Http/Controllers/Api/CarController.php(34): Illuminate\\Database\\Eloquent\\Builder->get()
#9 /Users/denisbespalov/Documents/STrack/backend/vendor/laravel/framework/src/Illuminate/Routing/ControllerDispatcher.php(47): App\\Http\\Controllers\\Api\\CarController->index(Object(Illuminate\\Http\\Request))
#10 /Users/denisbespalov/Documents/STrack/backend/vendor/laravel/framework/src/Illuminate/Routing/Route.php(266): Illuminate\\Routing\\ControllerDispatcher->dispatch(Object(Illuminate\\Routing\\Route), Object(App\\Http\\Controllers\\Api\\CarController), 'index')
#11 /Users/denisbespalov/Documents/STrack/backend/vendor/laravel/framework/src/Illuminate/Routing/Route.php(212): Illuminate\\Routing\\Route->runController()
#12 /Users/denisbespalov/Documents/STrack/backend/vendor/laravel/framework/src/Illuminate/Routing/Router.php(808): Illuminate\\Routing\\Route->run()
#13 /Users/denisbespalov/Documents/STrack/backend/vendor/laravel/framework/src/Illuminate/Pipeline/Pipeline.php(170): Illuminate\\Routing\\Router->{closure:Illuminate\\Routing\\Router::runRouteWithinStack():807}(Object(Illuminate\\Http\\Request))
#14 /Users/denisbespalov/Documents/STrack/backend/vendor/laravel/framework/src/Illuminate/Routing/Middleware/SubstituteBindings.php(51): Illuminate\\Pipeline\\Pipeline->{closure:Illuminate\\Pipeline\\Pipeline::prepareDestination():168}(Object(Illuminate\\Http\\Request))
#15 /Users/denisbespalov/Documents/STrack/backend/vendor/laravel/framework/src/Illuminate/Pipeline/Pipeline.php(209): Illuminate\\Routing\\Middleware\\SubstituteBindings->handle(Object(Illuminate\\Http\\Request), Object(Closure))
#16 /Users/denisbespalov/Documents/STrack/backend/vendor/laravel/framework/src/Illuminate/Auth/Middleware/Authenticate.php(64): Illuminate\\Pipeline\\Pipeline->{closure:{closure:Illuminate\\Pipeline\\Pipeline::carry():184}:185}(Object(Illuminate\\Http\\Request))
#17 /Users/denisbespalov/Documents/STrack/backend/vendor/laravel/framework/src/Illuminate/Pipeline/Pipeline.php(209): Illuminate\\Auth\\Middleware\\Authenticate->handle(Object(Illuminate\\Http\\Request), Object(Closure), 'sanctum')
#18 /Users/denisbespalov/Documents/STrack/backend/vendor/laravel/framework/src/Illuminate/Pipeline/Pipeline.php(127): Illuminate\\Pipeline\\Pipeline->{closure:{closure:Illuminate\\Pipeline\\Pipeline::carry():184}:185}(Object(Illuminate\\Http\\Request))
#19 /Users/denisbespalov/Documents/STrack/backend/vendor/laravel/framework/src/Illuminate/Routing/Router.php(807): Illuminate\\Pipeline\\Pipeline->then(Object(Closure))
#20 /Users/denisbespalov/Documents/STrack/backend/vendor/laravel/framework/src/Illuminate/Routing/Router.php(786): Illuminate\\Routing\\Router->runRouteWithinStack(Object(Illuminate\\Routing\\Route), Object(Illuminate\\Http\\Request))
#21 /Users/denisbespalov/Documents/STrack/backend/vendor/laravel/framework/src/Illuminate/Routing/Router.php(750): Illuminate\\Routing\\Router->runRoute(Object(Illuminate\\Http\\Request), Object(Illuminate\\Routing\\Route))
#22 /Users/denisbespalov/Documents/STrack/backend/vendor/laravel/framework/src/Illuminate/Routing/Router.php(739): Illuminate\\Routing\\Router->dispatchToRoute(Object(Illuminate\\Http\\Request))
#23 /Users/denisbespalov/Documents/STrack/backend/vendor/laravel/framework/src/Illuminate/Foundation/Http/Kernel.php(201): Illuminate\\Routing\\Router->dispatch(Object(Illuminate\\Http\\Request))
#24 /Users/denisbespalov/Documents/STrack/backend/vendor/laravel/framework/src/Illuminate/Pipeline/Pipeline.php(170): Illuminate\\Foundation\\Http\\Kernel->{closure:Illuminate\\Foundation\\Http\\Kernel::dispatchToRouter():198}(Object(Illuminate\\Http\\Request))
#25 /Users/denisbespalov/Documents/STrack/backend/vendor/laravel/framework/src/Illuminate/Foundation/Http/Middleware/TransformsRequest.php(21): Illuminate\\Pipeline\\Pipeline->{closure:Illuminate\\Pipeline\\Pipeline::prepareDestination():168}(Object(Illuminate\\Http\\Request))
#26 /Users/denisbespalov/Documents/STrack/backend/vendor/laravel/framework/src/Illuminate/Foundation/Http/Middleware/ConvertEmptyStringsToNull.php(31): Illuminate\\Foundation\\Http\\Middleware\\TransformsRequest->handle(Object(Illuminate\\Http\\Request), Object(Closure))
#27 /Users/denisbespalov/Documents/STrack/backend/vendor/laravel/framework/src/Illuminate/Pipeline/Pipeline.php(209): Illuminate\\Foundation\\Http\\Middleware\\ConvertEmptyStringsToNull->handle(Object(Illuminate\\Http\\Request), Object(Closure))
#28 /Users/denisbespalov/Documents/STrack/backend/vendor/laravel/framework/src/Illuminate/Foundation/Http/Middleware/TransformsRequest.php(21): Illuminate\\Pipeline\\Pipeline->{closure:{closure:Illuminate\\Pipeline\\Pipeline::carry():184}:185}(Object(Illuminate\\Http\\Request))
#29 /Users/denisbespalov/Documents/STrack/backend/vendor/laravel/framework/src/Illuminate/Foundation/Http/Middleware/TrimStrings.php(51): Illuminate\\Foundation\\Http\\Middleware\\TransformsRequest->handle(Object(Illuminate\\Http\\Request), Object(Closure))
#30 /Users/denisbespalov/Documents/STrack/backend/vendor/laravel/framework/src/Illuminate/Pipeline/Pipeline.php(209): Illuminate\\Foundation\\Http\\Middleware\\TrimStrings->handle(Object(Illuminate\\Http\\Request), Object(Closure))
#31 /Users/denisbespalov/Documents/STrack/backend/vendor/laravel/framework/src/Illuminate/Http/Middleware/ValidatePostSize.php(27): Illuminate\\Pipeline\\Pipeline->{closure:{closure:Illuminate\\Pipeline\\Pipeline::carry():184}:185}(Object(Illuminate\\Http\\Request))
#32 /Users/denisbespalov/Documents/STrack/backend/vendor/laravel/framework/src/Illuminate/Pipeline/Pipeline.php(209): Illuminate\\Http\\Middleware\\ValidatePostSize->handle(Object(Illuminate\\Http\\Request), Object(Closure))
#33 /Users/denisbespalov/Documents/STrack/backend/vendor/laravel/framework/src/Illuminate/Foundation/Http/Middleware/PreventRequestsDuringMaintenance.php(110): Illuminate\\Pipeline\\Pipeline->{closure:{closure:Illuminate\\Pipeline\\Pipeline::carry():184}:185}(Object(Illuminate\\Http\\Request))
#34 /Users/denisbespalov/Documents/STrack/backend/vendor/laravel/framework/src/Illuminate/Pipeline/Pipeline.php(209): Illuminate\\Foundation\\Http\\Middleware\\PreventRequestsDuringMaintenance->handle(Object(Illuminate\\Http\\Request), Object(Closure))
#35 /Users/denisbespalov/Documents/STrack/backend/vendor/laravel/framework/src/Illuminate/Http/Middleware/HandleCors.php(62): Illuminate\\Pipeline\\Pipeline->{closure:{closure:Illuminate\\Pipeline\\Pipeline::carry():184}:185}(Object(Illuminate\\Http\\Request))
#36 /Users/denisbespalov/Documents/STrack/backend/vendor/laravel/framework/src/Illuminate/Pipeline/Pipeline.php(209): Illuminate\\Http\\Middleware\\HandleCors->handle(Object(Illuminate\\Http\\Request), Object(Closure))
#37 /Users/denisbespalov/Documents/STrack/backend/vendor/laravel/framework/src/Illuminate/Http/Middleware/TrustProxies.php(58): Illuminate\\Pipeline\\Pipeline->{closure:{closure:Illuminate\\Pipeline\\Pipeline::carry():184}:185}(Object(Illuminate\\Http\\Request))
#38 /Users/denisbespalov/Documents/STrack/backend/vendor/laravel/framework/src/Illuminate/Pipeline/Pipeline.php(209): Illuminate\\Http\\Middleware\\TrustProxies->handle(Object(Illuminate\\Http\\Request), Object(Closure))
#39 /Users/denisbespalov/Documents/STrack/backend/vendor/laravel/framework/src/Illuminate/Foundation/Http/Middleware/InvokeDeferredCallbacks.php(22): Illuminate\\Pipeline\\Pipeline->{closure:{closure:Illuminate\\Pipeline\\Pipeline::carry():184}:185}(Object(Illuminate\\Http\\Request))
#40 /Users/denisbespalov/Documents/STrack/backend/vendor/laravel/framework/src/Illuminate/Pipeline/Pipeline.php(209): Illuminate\\Foundation\\Http\\Middleware\\InvokeDeferredCallbacks->handle(Object(Illuminate\\Http\\Request), Object(Closure))
#41 /Users/denisbespalov/Documents/STrack/backend/app/Http/Middleware/SetSecurityHeaders.php(13): Illuminate\\Pipeline\\Pipeline->{closure:{closure:Illuminate\\Pipeline\\Pipeline::carry():184}:185}(Object(Illuminate\\Http\\Request))
#42 /Users/denisbespalov/Documents/STrack/backend/vendor/laravel/framework/src/Illuminate/Pipeline/Pipeline.php(209): App\\Http\\Middleware\\SetSecurityHeaders->handle(Object(Illuminate\\Http\\Request), Object(Closure))
#43 /Users/denisbespalov/Documents/STrack/backend/vendor/laravel/framework/src/Illuminate/Pipeline/Pipeline.php(127): Illuminate\\Pipeline\\Pipeline->{closure:{closure:Illuminate\\Pipeline\\Pipeline::carry():184}:185}(Object(Illuminate\\Http\\Request))
#44 /Users/denisbespalov/Documents/STrack/backend/vendor/laravel/framework/src/Illuminate/Foundation/Http/Kernel.php(176): Illuminate\\Pipeline\\Pipeline->then(Object(Closure))
#45 /Users/denisbespalov/Documents/STrack/backend/vendor/laravel/framework/src/Illuminate/Foundation/Http/Kernel.php(145): Illuminate\\Foundation\\Http\\Kernel->sendRequestThroughRouter(Object(Illuminate\\Http\\Request))
#46 /Users/denisbespalov/Documents/STrack/backend/vendor/laravel/framework/src/Illuminate/Foundation/Application.php(1220): Illuminate\\Foundation\\Http\\Kernel->handle(Object(Illuminate\\Http\\Request))
#47 /Users/denisbespalov/Documents/STrack/backend/public/index.php(14): Illuminate\\Foundation\\Application->handleRequest(Object(Illuminate\\Http\\Request))
#48 /Users/denisbespalov/Documents/STrack/backend/vendor/laravel/framework/src/Illuminate/Foundation/resources/server.php(23): require_once('/Users/denisbes...')
#49 {main}

[previous exception] [object] (PDOException(code: 42S02): SQLSTATE[42S02]: Base table or view not found: 1146 Table 'car_tracker.car_documents' doesn't exist at /Users/denisbespalov/Documents/STrack/backend/vendor/laravel/framework/src/Illuminate/Database/Connection.php:407)
[stacktrace]
#0 /Users/denisbespalov/Documents/STrack/backend/vendor/laravel/framework/src/Illuminate/Database/Connection.php(407): PDO->prepare('select `cars`.*...')
#1 /Users/denisbespalov/Documents/STrack/backend/vendor/laravel/framework/src/Illuminate/Database/Connection.php(812): Illuminate\\Database\\Connection->{closure:Illuminate\\Database\\Connection::select():398}('select `cars`.*...', Array)
#2 /Users/denisbespalov/Documents/STrack/backend/vendor/laravel/framework/src/Illuminate/Database/Connection.php(779): Illuminate\\Database\\Connection->runQueryCallback('select `cars`.*...', Array, Object(Closure))
#3 /Users/denisbespalov/Documents/STrack/backend/vendor/laravel/framework/src/Illuminate/Database/Connection.php(398): Illuminate\\Database\\Connection->run('select `cars`.*...', Array, Object(Closure))
#4 /Users/denisbespalov/Documents/STrack/backend/vendor/laravel/framework/src/Illuminate/Database/Query/Builder.php(3106): Illuminate\\Database\\Connection->select('select `cars`.*...', Array, true)
#5 /Users/denisbespalov/Documents/STrack/backend/vendor/laravel/framework/src/Illuminate/Database/Query/Builder.php(3091): Illuminate\\Database\\Query\\Builder->runSelect()
#6 /Users/denisbespalov/Documents/STrack/backend/vendor/laravel/framework/src/Illuminate/Database/Query/Builder.php(3676): Illuminate\\Database\\Query\\Builder->{closure:Illuminate\\Database\\Query\\Builder::get():3090}()
#7 /Users/denisbespalov/Documents/STrack/backend/vendor/laravel/framework/src/Illuminate/Database/Query/Builder.php(3090): Illuminate\\Database\\Query\\Builder->onceWithColumns(Array, Object(Closure))
#8 /Users/denisbespalov/Documents/STrack/backend/vendor/laravel/framework/src/Illuminate/Database/Eloquent/Builder.php(811): Illuminate\\Database\\Query\\Builder->get(Array)
#9 /Users/denisbespalov/Documents/STrack/backend/vendor/laravel/framework/src/Illuminate/Database/Eloquent/Builder.php(793): Illuminate\\Database\\Eloquent\\Builder->getModels(Array)
#10 /Users/denisbespalov/Documents/STrack/backend/app/Http/Controllers/Api/CarController.php(34): Illuminate\\Database\\Eloquent\\Builder->get()
#11 /Users/denisbespalov/Documents/STrack/backend/vendor/laravel/framework/src/Illuminate/Routing/ControllerDispatcher.php(47): App\\Http\\Controllers\\Api\\CarController->index(Object(Illuminate\\Http\\Request))
#12 /Users/denisbespalov/Documents/STrack/backend/vendor/laravel/framework/src/Illuminate/Routing/Route.php(266): Illuminate\\Routing\\ControllerDispatcher->dispatch(Object(Illuminate\\Routing\\Route), Object(App\\Http\\Controllers\\Api\\CarController), 'index')
#13 /Users/denisbespalov/Documents/STrack/backend/vendor/laravel/framework/src/Illuminate/Routing/Route.php(212): Illuminate\\Routing\\Route->runController()
#14 /Users/denisbespalov/Documents/STrack/backend/vendor/laravel/framework/src/Illuminate/Routing/Router.php(808): Illuminate\\Routing\\Route->run()
#15 /Users/denisbespalov/Documents/STrack/backend/vendor/laravel/framework/src/Illuminate/Pipeline/Pipeline.php(170): Illuminate\\Routing\\Router->{closure:Illuminate\\Routing\\Router::runRouteWithinStack():807}(Object(Illuminate\\Http\\Request))
#16 /Users/denisbespalov/Documents/STrack/backend/vendor/laravel/framework/src/Illuminate/Routing/Middleware/SubstituteBindings.php(51): Illuminate\\Pipeline\\Pipeline->{closure:Illuminate\\Pipeline\\Pipeline::prepareDestination():168}(Object(Illuminate\\Http\\Request))
#17 /Users/denisbespalov/Documents/STrack/backend/vendor/laravel/framework/src/Illuminate/Pipeline/Pipeline.php(209): Illuminate\\Routing\\Middleware\\SubstituteBindings->handle(Object(Illuminate\\Http\\Request), Object(Closure))
#18 /Users/denisbespalov/Documents/STrack/backend/vendor/laravel/framework/src/Illuminate/Auth/Middleware/Authenticate.php(64): Illuminate\\Pipeline\\Pipeline->{closure:{closure:Illuminate\\Pipeline\\Pipeline::carry():184}:185}(Object(Illuminate\\Http\\Request))
#19 /Users/denisbespalov/Documents/STrack/backend/vendor/laravel/framework/src/Illuminate/Pipeline/Pipeline.php(209): Illuminate\\Auth\\Middleware\\Authenticate->handle(Object(Illuminate\\Http\\Request), Object(Closure), 'sanctum')
#20 /Users/denisbespalov/Documents/STrack/backend/vendor/laravel/framework/src/Illuminate/Pipeline/Pipeline.php(127): Illuminate\\Pipeline\\Pipeline->{closure:{closure:Illuminate\\Pipeline\\Pipeline::carry():184}:185}(Object(Illuminate\\Http\\Request))
#21 /Users/denisbespalov/Documents/STrack/backend/vendor/laravel/framework/src/Illuminate/Routing/Router.php(807): Illuminate\\Pipeline\\Pipeline->then(Object(Closure))
#22 /Users/denisbespalov/Documents/STrack/backend/vendor/laravel/framework/src/Illuminate/Routing/Router.php(786): Illuminate\\Routing\\Router->runRouteWithinStack(Object(Illuminate\\Routing\\Route), Object(Illuminate\\Http\\Request))
#23 /Users/denisbespalov/Documents/STrack/backend/vendor/laravel/framework/src/Illuminate/Routing/Router.php(750): Illuminate\\Routing\\Router->runRoute(Object(Illuminate\\Http\\Request), Object(Illuminate\\Routing\\Route))
#24 /Users/denisbespalov/Documents/STrack/backend/vendor/laravel/framework/src/Illuminate/Routing/Router.php(739): Illuminate\\Routing\\Router->dispatchToRoute(Object(Illuminate\\Http\\Request))
#25 /Users/denisbespalov/Documents/STrack/backend/vendor/laravel/framework/src/Illuminate/Foundation/Http/Kernel.php(201): Illuminate\\Routing\\Router->dispatch(Object(Illuminate\\Http\\Request))
#26 /Users/denisbespalov/Documents/STrack/backend/vendor/laravel/framework/src/Illuminate/Pipeline/Pipeline.php(170): Illuminate\\Foundation\\Http\\Kernel->{closure:Illuminate\\Foundation\\Http\\Kernel::dispatchToRouter():198}(Object(Illuminate\\Http\\Request))
#27 /Users/denisbespalov/Documents/STrack/backend/vendor/laravel/framework/src/Illuminate/Foundation/Http/Middleware/TransformsRequest.php(21): Illuminate\\Pipeline\\Pipeline->{closure:Illuminate\\Pipeline\\Pipeline::prepareDestination():168}(Object(Illuminate\\Http\\Request))
#28 /Users/denisbespalov/Documents/STrack/backend/vendor/laravel/framework/src/Illuminate/Foundation/Http/Middleware/ConvertEmptyStringsToNull.php(31): Illuminate\\Foundation\\Http\\Middleware\\TransformsRequest->handle(Object(Illuminate\\Http\\Request), Object(Closure))
#29 /Users/denisbespalov/Documents/STrack/backend/vendor/laravel/framework/src/Illuminate/Pipeline/Pipeline.php(209): Illuminate\\Foundation\\Http\\Middleware\\ConvertEmptyStringsToNull->handle(Object(Illuminate\\Http\\Request), Object(Closure))
#30 /Users/denisbespalov/Documents/STrack/backend/vendor/laravel/framework/src/Illuminate/Foundation/Http/Middleware/TransformsRequest.php(21): Illuminate\\Pipeline\\Pipeline->{closure:{closure:Illuminate\\Pipeline\\Pipeline::carry():184}:185}(Object(Illuminate\\Http\\Request))
#31 /Users/denisbespalov/Documents/STrack/backend/vendor/laravel/framework/src/Illuminate/Foundation/Http/Middleware/TrimStrings.php(51): Illuminate\\Foundation\\Http\\Middleware\\TransformsRequest->handle(Object(Illuminate\\Http\\Request), Object(Closure))
#32 /Users/denisbespalov/Documents/STrack/backend/vendor/laravel/framework/src/Illuminate/Pipeline/Pipeline.php(209): Illuminate\\Foundation\\Http\\Middleware\\TrimStrings->handle(Object(Illuminate\\Http\\Request), Object(Closure))
#33 /Users/denisbespalov/Documents/STrack/backend/vendor/laravel/framework/src/Illuminate/Http/Middleware/ValidatePostSize.php(27): Illuminate\\Pipeline\\Pipeline->{closure:{closure:Illuminate\\Pipeline\\Pipeline::carry():184}:185}(Object(Illuminate\\Http\\Request))
#34 /Users/denisbespalov/Documents/STrack/backend/vendor/laravel/framework/src/Illuminate/Pipeline/Pipeline.php(209): Illuminate\\Http\\Middleware\\ValidatePostSize->handle(Object(Illuminate\\Http\\Request), Object(Closure))
#35 /Users/denisbespalov/Documents/STrack/backend/vendor/laravel/framework/src/Illuminate/Foundation/Http/Middleware/PreventRequestsDuringMaintenance.php(110): Illuminate\\Pipeline\\Pipeline->{closure:{closure:Illuminate\\Pipeline\\Pipeline::carry():184}:185}(Object(Illuminate\\Http\\Request))
#36 /Users/denisbespalov/Documents/STrack/backend/vendor/laravel/framework/src/Illuminate/Pipeline/Pipeline.php(209): Illuminate\\Foundation\\Http\\Middleware\\PreventRequestsDuringMaintenance->handle(Object(Illuminate\\Http\\Request), Object(Closure))
#37 /Users/denisbespalov/Documents/STrack/backend/vendor/laravel/framework/src/Illuminate/Http/Middleware/HandleCors.php(62): Illuminate\\Pipeline\\Pipeline->{closure:{closure:Illuminate\\Pipeline\\Pipeline::carry():184}:185}(Object(Illuminate\\Http\\Request))
#38 /Users/denisbespalov/Documents/STrack/backend/vendor/laravel/framework/src/Illuminate/Pipeline/Pipeline.php(209): Illuminate\\Http\\Middleware\\HandleCors->handle(Object(Illuminate\\Http\\Request), Object(Closure))
#39 /Users/denisbespalov/Documents/STrack/backend/vendor/laravel/framework/src/Illuminate/Http/Middleware/TrustProxies.php(58): Illuminate\\Pipeline\\Pipeline->{closure:{closure:Illuminate\\Pipeline\\Pipeline::carry():184}:185}(Object(Illuminate\\Http\\Request))
#40 /Users/denisbespalov/Documents/STrack/backend/vendor/laravel/framework/src/Illuminate/Pipeline/Pipeline.php(209): Illuminate\\Http\\Middleware\\TrustProxies->handle(Object(Illuminate\\Http\\Request), Object(Closure))
#41 /Users/denisbespalov/Documents/STrack/backend/vendor/laravel/framework/src/Illuminate/Foundation/Http/Middleware/InvokeDeferredCallbacks.php(22): Illuminate\\Pipeline\\Pipeline->{closure:{closure:Illuminate\\Pipeline\\Pipeline::carry():184}:185}(Object(Illuminate\\Http\\Request))
#42 /Users/denisbespalov/Documents/STrack/backend/vendor/laravel/framework/src/Illuminate/Pipeline/Pipeline.php(209): Illuminate\\Foundation\\Http\\Middleware\\InvokeDeferredCallbacks->handle(Object(Illuminate\\Http\\Request), Object(Closure))
#43 /Users/denisbespalov/Documents/STrack/backend/app/Http/Middleware/SetSecurityHeaders.php(13): Illuminate\\Pipeline\\Pipeline->{closure:{closure:Illuminate\\Pipeline\\Pipeline::carry():184}:185}(Object(Illuminate\\Http\\Request))
#44 /Users/denisbespalov/Documents/STrack/backend/vendor/laravel/framework/src/Illuminate/Pipeline/Pipeline.php(209): App\\Http\\Middleware\\SetSecurityHeaders->handle(Object(Illuminate\\Http\\Request), Object(Closure))
#45 /Users/denisbespalov/Documents/STrack/backend/vendor/laravel/framework/src/Illuminate/Pipeline/Pipeline.php(127): Illuminate\\Pipeline\\Pipeline->{closure:{closure:Illuminate\\Pipeline\\Pipeline::carry():184}:185}(Object(Illuminate\\Http\\Request))
#46 /Users/denisbespalov/Documents/STrack/backend/vendor/laravel/framework/src/Illuminate/Foundation/Http/Kernel.php(176): Illuminate\\Pipeline\\Pipeline->then(Object(Closure))
#47 /Users/denisbespalov/Documents/STrack/backend/vendor/laravel/framework/src/Illuminate/Foundation/Http/Kernel.php(145): Illuminate\\Foundation\\Http\\Kernel->sendRequestThroughRouter(Object(Illuminate\\Http\\Request))
#48 /Users/denisbespalov/Documents/STrack/backend/vendor/laravel/framework/src/Illuminate/Foundation/Application.php(1220): Illuminate\\Foundation\\Http\\Kernel->handle(Object(Illuminate\\Http\\Request))
#49 /Users/denisbespalov/Documents/STrack/backend/public/index.php(14): Illuminate\\Foundation\\Application->handleRequest(Object(Illuminate\\Http\\Request))
#50 /Users/denisbespalov/Documents/STrack/backend/vendor/laravel/framework/src/Illuminate/Foundation/resources/server.php(23): require_once('/Users/denisbes...')
#51 {main}
"} 
[2026-06-13 09:19:13] local.ERROR: SQLSTATE[42S02]: Base table or view not found: 1146 Table 'car_tracker.car_documents' doesn't exist (Connection: mysql, SQL: select `cars`.*, (select count(*) from `fuel_logs` where `cars`.`id` = `fuel_logs`.`car_id`) as `fuel_logs_count`, (select count(*) from `repairs` where `cars`.`id` = `repairs`.`car_id`) as `repairs_count`, (select count(*) from `mods` where `cars`.`id` = `mods`.`car_id`) as `mods_count`, (select count(*) from `car_documents` where `cars`.`id` = `car_documents`.`car_id`) as `documents_count`, (select count(*) from `wishlist_items` where `cars`.`id` = `wishlist_items`.`car_id`) as `wishlist_items_count`, (select sum(`fuel_logs`.`total_price`) from `fuel_logs` where `cars`.`id` = `fuel_logs`.`car_id`) as `fuel_logs_total_spent`, (select sum(`repairs`.`cost`) from `repairs` where `cars`.`id` = `repairs`.`car_id`) as `repairs_total_spent`, (select sum(`mods`.`cost`) from `mods` where `cars`.`id` = `mods`.`car_id`) as `mods_total_spent`, (select sum(`wishlist_items`.`estimated_price`) from `wishlist_items` where `cars`.`id` = `wishlist_items`.`car_id`) as `wishlist_total_estimated` from `cars` where `user_id` = 1 order by `brand` asc, `model` asc) {"userId":1,"exception":"[object] (Illuminate\\Database\\QueryException(code: 42S02): SQLSTATE[42S02]: Base table or view not found: 1146 Table 'car_tracker.car_documents' doesn't exist (Connection: mysql, SQL: select `cars`.*, (select count(*) from `fuel_logs` where `cars`.`id` = `fuel_logs`.`car_id`) as `fuel_logs_count`, (select count(*) from `repairs` where `cars`.`id` = `repairs`.`car_id`) as `repairs_count`, (select count(*) from `mods` where `cars`.`id` = `mods`.`car_id`) as `mods_count`, (select count(*) from `car_documents` where `cars`.`id` = `car_documents`.`car_id`) as `documents_count`, (select count(*) from `wishlist_items` where `cars`.`id` = `wishlist_items`.`car_id`) as `wishlist_items_count`, (select sum(`fuel_logs`.`total_price`) from `fuel_logs` where `cars`.`id` = `fuel_logs`.`car_id`) as `fuel_logs_total_spent`, (select sum(`repairs`.`cost`) from `repairs` where `cars`.`id` = `repairs`.`car_id`) as `repairs_total_spent`, (select sum(`mods`.`cost`) from `mods` where `cars`.`id` = `mods`.`car_id`) as `mods_total_spent`, (select sum(`wishlist_items`.`estimated_price`) from `wishlist_items` where `cars`.`id` = `wishlist_items`.`car_id`) as `wishlist_total_estimated` from `cars` where `user_id` = 1 order by `brand` asc, `model` asc) at /Users/denisbespalov/Documents/STrack/backend/vendor/laravel/framework/src/Illuminate/Database/Connection.php:825)
[stacktrace]
#0 /Users/denisbespalov/Documents/STrack/backend/vendor/laravel/framework/src/Illuminate/Database/Connection.php(779): Illuminate\\Database\\Connection->runQueryCallback('select `cars`.*...', Array, Object(Closure))
#1 /Users/denisbespalov/Documents/STrack/backend/vendor/laravel/framework/src/Illuminate/Database/Connection.php(398): Illuminate\\Database\\Connection->run('select `cars`.*...', Array, Object(Closure))
#2 /Users/denisbespalov/Documents/STrack/backend/vendor/laravel/framework/src/Illuminate/Database/Query/Builder.php(3106): Illuminate\\Database\\Connection->select('select `cars`.*...', Array, true)
#3 /Users/denisbespalov/Documents/STrack/backend/vendor/laravel/framework/src/Illuminate/Database/Query/Builder.php(3091): Illuminate\\Database\\Query\\Builder->runSelect()
#4 /Users/denisbespalov/Documents/STrack/backend/vendor/laravel/framework/src/Illuminate/Database/Query/Builder.php(3676): Illuminate\\Database\\Query\\Builder->{closure:Illuminate\\Database\\Query\\Builder::get():3090}()
#5 /Users/denisbespalov/Documents/STrack/backend/vendor/laravel/framework/src/Illuminate/Database/Query/Builder.php(3090): Illuminate\\Database\\Query\\Builder->onceWithColumns(Array, Object(Closure))
#6 /Users/denisbespalov/Documents/STrack/backend/vendor/laravel/framework/src/Illuminate/Database/Eloquent/Builder.php(811): Illuminate\\Database\\Query\\Builder->get(Array)
#7 /Users/denisbespalov/Documents/STrack/backend/vendor/laravel/framework/src/Illuminate/Database/Eloquent/Builder.php(793): Illuminate\\Database\\Eloquent\\Builder->getModels(Array)
#8 /Users/denisbespalov/Documents/STrack/backend/app/Http/Controllers/Api/CarController.php(34): Illuminate\\Database\\Eloquent\\Builder->get()
#9 /Users/denisbespalov/Documents/STrack/backend/vendor/laravel/framework/src/Illuminate/Routing/ControllerDispatcher.php(47): App\\Http\\Controllers\\Api\\CarController->index(Object(Illuminate\\Http\\Request))
#10 /Users/denisbespalov/Documents/STrack/backend/vendor/laravel/framework/src/Illuminate/Routing/Route.php(266): Illuminate\\Routing\\ControllerDispatcher->dispatch(Object(Illuminate\\Routing\\Route), Object(App\\Http\\Controllers\\Api\\CarController), 'index')
#11 /Users/denisbespalov/Documents/STrack/backend/vendor/laravel/framework/src/Illuminate/Routing/Route.php(212): Illuminate\\Routing\\Route->runController()
#12 /Users/denisbespalov/Documents/STrack/backend/vendor/laravel/framework/src/Illuminate/Routing/Router.php(808): Illuminate\\Routing\\Route->run()
#13 /Users/denisbespalov/Documents/STrack/backend/vendor/laravel/framework/src/Illuminate/Pipeline/Pipeline.php(170): Illuminate\\Routing\\Router->{closure:Illuminate\\Routing\\Router::runRouteWithinStack():807}(Object(Illuminate\\Http\\Request))
#14 /Users/denisbespalov/Documents/STrack/backend/vendor/laravel/framework/src/Illuminate/Routing/Middleware/SubstituteBindings.php(51): Illuminate\\Pipeline\\Pipeline->{closure:Illuminate\\Pipeline\\Pipeline::prepareDestination():168}(Object(Illuminate\\Http\\Request))
#15 /Users/denisbespalov/Documents/STrack/backend/vendor/laravel/framework/src/Illuminate/Pipeline/Pipeline.php(209): Illuminate\\Routing\\Middleware\\SubstituteBindings->handle(Object(Illuminate\\Http\\Request), Object(Closure))
#16 /Users/denisbespalov/Documents/STrack/backend/vendor/laravel/framework/src/Illuminate/Auth/Middleware/Authenticate.php(64): Illuminate\\Pipeline\\Pipeline->{closure:{closure:Illuminate\\Pipeline\\Pipeline::carry():184}:185}(Object(Illuminate\\Http\\Request))
#17 /Users/denisbespalov/Documents/STrack/backend/vendor/laravel/framework/src/Illuminate/Pipeline/Pipeline.php(209): Illuminate\\Auth\\Middleware\\Authenticate->handle(Object(Illuminate\\Http\\Request), Object(Closure), 'sanctum')
#18 /Users/denisbespalov/Documents/STrack/backend/vendor/laravel/framework/src/Illuminate/Pipeline/Pipeline.php(127): Illuminate\\Pipeline\\Pipeline->{closure:{closure:Illuminate\\Pipeline\\Pipeline::carry():184}:185}(Object(Illuminate\\Http\\Request))
#19 /Users/denisbespalov/Documents/STrack/backend/vendor/laravel/framework/src/Illuminate/Routing/Router.php(807): Illuminate\\Pipeline\\Pipeline->then(Object(Closure))
#20 /Users/denisbespalov/Documents/STrack/backend/vendor/laravel/framework/src/Illuminate/Routing/Router.php(786): Illuminate\\Routing\\Router->runRouteWithinStack(Object(Illuminate\\Routing\\Route), Object(Illuminate\\Http\\Request))
#21 /Users/denisbespalov/Documents/STrack/backend/vendor/laravel/framework/src/Illuminate/Routing/Router.php(750): Illuminate\\Routing\\Router->runRoute(Object(Illuminate\\Http\\Request), Object(Illuminate\\Routing\\Route))
#22 /Users/denisbespalov/Documents/STrack/backend/vendor/laravel/framework/src/Illuminate/Routing/Router.php(739): Illuminate\\Routing\\Router->dispatchToRoute(Object(Illuminate\\Http\\Request))
#23 /Users/denisbespalov/Documents/STrack/backend/vendor/laravel/framework/src/Illuminate/Foundation/Http/Kernel.php(201): Illuminate\\Routing\\Router->dispatch(Object(Illuminate\\Http\\Request))
#24 /Users/denisbespalov/Documents/STrack/backend/vendor/laravel/framework/src/Illuminate/Pipeline/Pipeline.php(170): Illuminate\\Foundation\\Http\\Kernel->{closure:Illuminate\\Foundation\\Http\\Kernel::dispatchToRouter():198}(Object(Illuminate\\Http\\Request))
#25 /Users/denisbespalov/Documents/STrack/backend/vendor/laravel/framework/src/Illuminate/Foundation/Http/Middleware/TransformsRequest.php(21): Illuminate\\Pipeline\\Pipeline->{closure:Illuminate\\Pipeline\\Pipeline::prepareDestination():168}(Object(Illuminate\\Http\\Request))
#26 /Users/denisbespalov/Documents/STrack/backend/vendor/laravel/framework/src/Illuminate/Foundation/Http/Middleware/ConvertEmptyStringsToNull.php(31): Illuminate\\Foundation\\Http\\Middleware\\TransformsRequest->handle(Object(Illuminate\\Http\\Request), Object(Closure))
#27 /Users/denisbespalov/Documents/STrack/backend/vendor/laravel/framework/src/Illuminate/Pipeline/Pipeline.php(209): Illuminate\\Foundation\\Http\\Middleware\\ConvertEmptyStringsToNull->handle(Object(Illuminate\\Http\\Request), Object(Closure))
#28 /Users/denisbespalov/Documents/STrack/backend/vendor/laravel/framework/src/Illuminate/Foundation/Http/Middleware/TransformsRequest.php(21): Illuminate\\Pipeline\\Pipeline->{closure:{closure:Illuminate\\Pipeline\\Pipeline::carry():184}:185}(Object(Illuminate\\Http\\Request))
#29 /Users/denisbespalov/Documents/STrack/backend/vendor/laravel/framework/src/Illuminate/Foundation/Http/Middleware/TrimStrings.php(51): Illuminate\\Foundation\\Http\\Middleware\\TransformsRequest->handle(Object(Illuminate\\Http\\Request), Object(Closure))
#30 /Users/denisbespalov/Documents/STrack/backend/vendor/laravel/framework/src/Illuminate/Pipeline/Pipeline.php(209): Illuminate\\Foundation\\Http\\Middleware\\TrimStrings->handle(Object(Illuminate\\Http\\Request), Object(Closure))
#31 /Users/denisbespalov/Documents/STrack/backend/vendor/laravel/framework/src/Illuminate/Http/Middleware/ValidatePostSize.php(27): Illuminate\\Pipeline\\Pipeline->{closure:{closure:Illuminate\\Pipeline\\Pipeline::carry():184}:185}(Object(Illuminate\\Http\\Request))
#32 /Users/denisbespalov/Documents/STrack/backend/vendor/laravel/framework/src/Illuminate/Pipeline/Pipeline.php(209): Illuminate\\Http\\Middleware\\ValidatePostSize->handle(Object(Illuminate\\Http\\Request), Object(Closure))
#33 /Users/denisbespalov/Documents/STrack/backend/vendor/laravel/framework/src/Illuminate/Foundation/Http/Middleware/PreventRequestsDuringMaintenance.php(110): Illuminate\\Pipeline\\Pipeline->{closure:{closure:Illuminate\\Pipeline\\Pipeline::carry():184}:185}(Object(Illuminate\\Http\\Request))
#34 /Users/denisbespalov/Documents/STrack/backend/vendor/laravel/framework/src/Illuminate/Pipeline/Pipeline.php(209): Illuminate\\Foundation\\Http\\Middleware\\PreventRequestsDuringMaintenance->handle(Object(Illuminate\\Http\\Request), Object(Closure))
#35 /Users/denisbespalov/Documents/STrack/backend/vendor/laravel/framework/src/Illuminate/Http/Middleware/HandleCors.php(62): Illuminate\\Pipeline\\Pipeline->{closure:{closure:Illuminate\\Pipeline\\Pipeline::carry():184}:185}(Object(Illuminate\\Http\\Request))
#36 /Users/denisbespalov/Documents/STrack/backend/vendor/laravel/framework/src/Illuminate/Pipeline/Pipeline.php(209): Illuminate\\Http\\Middleware\\HandleCors->handle(Object(Illuminate\\Http\\Request), Object(Closure))
#37 /Users/denisbespalov/Documents/STrack/backend/vendor/laravel/framework/src/Illuminate/Http/Middleware/TrustProxies.php(58): Illuminate\\Pipeline\\Pipeline->{closure:{closure:Illuminate\\Pipeline\\Pipeline::carry():184}:185}(Object(Illuminate\\Http\\Request))
#38 /Users/denisbespalov/Documents/STrack/backend/vendor/laravel/framework/src/Illuminate/Pipeline/Pipeline.php(209): Illuminate\\Http\\Middleware\\TrustProxies->handle(Object(Illuminate\\Http\\Request), Object(Closure))
#39 /Users/denisbespalov/Documents/STrack/backend/vendor/laravel/framework/src/Illuminate/Foundation/Http/Middleware/InvokeDeferredCallbacks.php(22): Illuminate\\Pipeline\\Pipeline->{closure:{closure:Illuminate\\Pipeline\\Pipeline::carry():184}:185}(Object(Illuminate\\Http\\Request))
#40 /Users/denisbespalov/Documents/STrack/backend/vendor/laravel/framework/src/Illuminate/Pipeline/Pipeline.php(209): Illuminate\\Foundation\\Http\\Middleware\\InvokeDeferredCallbacks->handle(Object(Illuminate\\Http\\Request), Object(Closure))
#41 /Users/denisbespalov/Documents/STrack/backend/app/Http/Middleware/SetSecurityHeaders.php(13): Illuminate\\Pipeline\\Pipeline->{closure:{closure:Illuminate\\Pipeline\\Pipeline::carry():184}:185}(Object(Illuminate\\Http\\Request))
#42 /Users/denisbespalov/Documents/STrack/backend/vendor/laravel/framework/src/Illuminate/Pipeline/Pipeline.php(209): App\\Http\\Middleware\\SetSecurityHeaders->handle(Object(Illuminate\\Http\\Request), Object(Closure))
#43 /Users/denisbespalov/Documents/STrack/backend/vendor/laravel/framework/src/Illuminate/Pipeline/Pipeline.php(127): Illuminate\\Pipeline\\Pipeline->{closure:{closure:Illuminate\\Pipeline\\Pipeline::carry():184}:185}(Object(Illuminate\\Http\\Request))
#44 /Users/denisbespalov/Documents/STrack/backend/vendor/laravel/framework/src/Illuminate/Foundation/Http/Kernel.php(176): Illuminate\\Pipeline\\Pipeline->then(Object(Closure))
#45 /Users/denisbespalov/Documents/STrack/backend/vendor/laravel/framework/src/Illuminate/Foundation/Http/Kernel.php(145): Illuminate\\Foundation\\Http\\Kernel->sendRequestThroughRouter(Object(Illuminate\\Http\\Request))
#46 /Users/denisbespalov/Documents/STrack/backend/vendor/laravel/framework/src/Illuminate/Foundation/Application.php(1220): Illuminate\\Foundation\\Http\\Kernel->handle(Object(Illuminate\\Http\\Request))
#47 /Users/denisbespalov/Documents/STrack/backend/public/index.php(14): Illuminate\\Foundation\\Application->handleRequest(Object(Illuminate\\Http\\Request))
#48 /Users/denisbespalov/Documents/STrack/backend/vendor/laravel/framework/src/Illuminate/Foundation/resources/server.php(23): require_once('/Users/denisbes...')
#49 {main}

[previous exception] [object] (PDOException(code: 42S02): SQLSTATE[42S02]: Base table or view not found: 1146 Table 'car_tracker.car_documents' doesn't exist at /Users/denisbespalov/Documents/STrack/backend/vendor/laravel/framework/src/Illuminate/Database/Connection.php:407)
[stacktrace]
#0 /Users/denisbespalov/Documents/STrack/backend/vendor/laravel/framework/src/Illuminate/Database/Connection.php(407): PDO->prepare('select `cars`.*...')
#1 /Users/denisbespalov/Documents/STrack/backend/vendor/laravel/framework/src/Illuminate/Database/Connection.php(812): Illuminate\\Database\\Connection->{closure:Illuminate\\Database\\Connection::select():398}('select `cars`.*...', Array)
#2 /Users/denisbespalov/Documents/STrack/backend/vendor/laravel/framework/src/Illuminate/Database/Connection.php(779): Illuminate\\Database\\Connection->runQueryCallback('select `cars`.*...', Array, Object(Closure))
#3 /Users/denisbespalov/Documents/STrack/backend/vendor/laravel/framework/src/Illuminate/Database/Connection.php(398): Illuminate\\Database\\Connection->run('select `cars`.*...', Array, Object(Closure))
#4 /Users/denisbespalov/Documents/STrack/backend/vendor/laravel/framework/src/Illuminate/Database/Query/Builder.php(3106): Illuminate\\Database\\Connection->select('select `cars`.*...', Array, true)
#5 /Users/denisbespalov/Documents/STrack/backend/vendor/laravel/framework/src/Illuminate/Database/Query/Builder.php(3091): Illuminate\\Database\\Query\\Builder->runSelect()
#6 /Users/denisbespalov/Documents/STrack/backend/vendor/laravel/framework/src/Illuminate/Database/Query/Builder.php(3676): Illuminate\\Database\\Query\\Builder->{closure:Illuminate\\Database\\Query\\Builder::get():3090}()
#7 /Users/denisbespalov/Documents/STrack/backend/vendor/laravel/framework/src/Illuminate/Database/Query/Builder.php(3090): Illuminate\\Database\\Query\\Builder->onceWithColumns(Array, Object(Closure))
#8 /Users/denisbespalov/Documents/STrack/backend/vendor/laravel/framework/src/Illuminate/Database/Eloquent/Builder.php(811): Illuminate\\Database\\Query\\Builder->get(Array)
#9 /Users/denisbespalov/Documents/STrack/backend/vendor/laravel/framework/src/Illuminate/Database/Eloquent/Builder.php(793): Illuminate\\Database\\Eloquent\\Builder->getModels(Array)
#10 /Users/denisbespalov/Documents/STrack/backend/app/Http/Controllers/Api/CarController.php(34): Illuminate\\Database\\Eloquent\\Builder->get()
#11 /Users/denisbespalov/Documents/STrack/backend/vendor/laravel/framework/src/Illuminate/Routing/ControllerDispatcher.php(47): App\\Http\\Controllers\\Api\\CarController->index(Object(Illuminate\\Http\\Request))
#12 /Users/denisbespalov/Documents/STrack/backend/vendor/laravel/framework/src/Illuminate/Routing/Route.php(266): Illuminate\\Routing\\ControllerDispatcher->dispatch(Object(Illuminate\\Routing\\Route), Object(App\\Http\\Controllers\\Api\\CarController), 'index')
#13 /Users/denisbespalov/Documents/STrack/backend/vendor/laravel/framework/src/Illuminate/Routing/Route.php(212): Illuminate\\Routing\\Route->runController()
#14 /Users/denisbespalov/Documents/STrack/backend/vendor/laravel/framework/src/Illuminate/Routing/Router.php(808): Illuminate\\Routing\\Route->run()
#15 /Users/denisbespalov/Documents/STrack/backend/vendor/laravel/framework/src/Illuminate/Pipeline/Pipeline.php(170): Illuminate\\Routing\\Router->{closure:Illuminate\\Routing\\Router::runRouteWithinStack():807}(Object(Illuminate\\Http\\Request))
#16 /Users/denisbespalov/Documents/STrack/backend/vendor/laravel/framework/src/Illuminate/Routing/Middleware/SubstituteBindings.php(51): Illuminate\\Pipeline\\Pipeline->{closure:Illuminate\\Pipeline\\Pipeline::prepareDestination():168}(Object(Illuminate\\Http\\Request))
#17 /Users/denisbespalov/Documents/STrack/backend/vendor/laravel/framework/src/Illuminate/Pipeline/Pipeline.php(209): Illuminate\\Routing\\Middleware\\SubstituteBindings->handle(Object(Illuminate\\Http\\Request), Object(Closure))
#18 /Users/denisbespalov/Documents/STrack/backend/vendor/laravel/framework/src/Illuminate/Auth/Middleware/Authenticate.php(64): Illuminate\\Pipeline\\Pipeline->{closure:{closure:Illuminate\\Pipeline\\Pipeline::carry():184}:185}(Object(Illuminate\\Http\\Request))
#19 /Users/denisbespalov/Documents/STrack/backend/vendor/laravel/framework/src/Illuminate/Pipeline/Pipeline.php(209): Illuminate\\Auth\\Middleware\\Authenticate->handle(Object(Illuminate\\Http\\Request), Object(Closure), 'sanctum')
#20 /Users/denisbespalov/Documents/STrack/backend/vendor/laravel/framework/src/Illuminate/Pipeline/Pipeline.php(127): Illuminate\\Pipeline\\Pipeline->{closure:{closure:Illuminate\\Pipeline\\Pipeline::carry():184}:185}(Object(Illuminate\\Http\\Request))
#21 /Users/denisbespalov/Documents/STrack/backend/vendor/laravel/framework/src/Illuminate/Routing/Router.php(807): Illuminate\\Pipeline\\Pipeline->then(Object(Closure))
#22 /Users/denisbespalov/Documents/STrack/backend/vendor/laravel/framework/src/Illuminate/Routing/Router.php(786): Illuminate\\Routing\\Router->runRouteWithinStack(Object(Illuminate\\Routing\\Route), Object(Illuminate\\Http\\Request))
#23 /Users/denisbespalov/Documents/STrack/backend/vendor/laravel/framework/src/Illuminate/Routing/Router.php(750): Illuminate\\Routing\\Router->runRoute(Object(Illuminate\\Http\\Request), Object(Illuminate\\Routing\\Route))
#24 /Users/denisbespalov/Documents/STrack/backend/vendor/laravel/framework/src/Illuminate/Routing/Router.php(739): Illuminate\\Routing\\Router->dispatchToRoute(Object(Illuminate\\Http\\Request))
#25 /Users/denisbespalov/Documents/STrack/backend/vendor/laravel/framework/src/Illuminate/Foundation/Http/Kernel.php(201): Illuminate\\Routing\\Router->dispatch(Object(Illuminate\\Http\\Request))
#26 /Users/denisbespalov/Documents/STrack/backend/vendor/laravel/framework/src/Illuminate/Pipeline/Pipeline.php(170): Illuminate\\Foundation\\Http\\Kernel->{closure:Illuminate\\Foundation\\Http\\Kernel::dispatchToRouter():198}(Object(Illuminate\\Http\\Request))
#27 /Users/denisbespalov/Documents/STrack/backend/vendor/laravel/framework/src/Illuminate/Foundation/Http/Middleware/TransformsRequest.php(21): Illuminate\\Pipeline\\Pipeline->{closure:Illuminate\\Pipeline\\Pipeline::prepareDestination():168}(Object(Illuminate\\Http\\Request))
#28 /Users/denisbespalov/Documents/STrack/backend/vendor/laravel/framework/src/Illuminate/Foundation/Http/Middleware/ConvertEmptyStringsToNull.php(31): Illuminate\\Foundation\\Http\\Middleware\\TransformsRequest->handle(Object(Illuminate\\Http\\Request), Object(Closure))
#29 /Users/denisbespalov/Documents/STrack/backend/vendor/laravel/framework/src/Illuminate/Pipeline/Pipeline.php(209): Illuminate\\Foundation\\Http\\Middleware\\ConvertEmptyStringsToNull->handle(Object(Illuminate\\Http\\Request), Object(Closure))
#30 /Users/denisbespalov/Documents/STrack/backend/vendor/laravel/framework/src/Illuminate/Foundation/Http/Middleware/TransformsRequest.php(21): Illuminate\\Pipeline\\Pipeline->{closure:{closure:Illuminate\\Pipeline\\Pipeline::carry():184}:185}(Object(Illuminate\\Http\\Request))
#31 /Users/denisbespalov/Documents/STrack/backend/vendor/laravel/framework/src/Illuminate/Foundation/Http/Middleware/TrimStrings.php(51): Illuminate\\Foundation\\Http\\Middleware\\TransformsRequest->handle(Object(Illuminate\\Http\\Request), Object(Closure))
#32 /Users/denisbespalov/Documents/STrack/backend/vendor/laravel/framework/src/Illuminate/Pipeline/Pipeline.php(209): Illuminate\\Foundation\\Http\\Middleware\\TrimStrings->handle(Object(Illuminate\\Http\\Request), Object(Closure))
#33 /Users/denisbespalov/Documents/STrack/backend/vendor/laravel/framework/src/Illuminate/Http/Middleware/ValidatePostSize.php(27): Illuminate\\Pipeline\\Pipeline->{closure:{closure:Illuminate\\Pipeline\\Pipeline::carry():184}:185}(Object(Illuminate\\Http\\Request))
#34 /Users/denisbespalov/Documents/STrack/backend/vendor/laravel/framework/src/Illuminate/Pipeline/Pipeline.php(209): Illuminate\\Http\\Middleware\\ValidatePostSize->handle(Object(Illuminate\\Http\\Request), Object(Closure))
#35 /Users/denisbespalov/Documents/STrack/backend/vendor/laravel/framework/src/Illuminate/Foundation/Http/Middleware/PreventRequestsDuringMaintenance.php(110): Illuminate\\Pipeline\\Pipeline->{closure:{closure:Illuminate\\Pipeline\\Pipeline::carry():184}:185}(Object(Illuminate\\Http\\Request))
#36 /Users/denisbespalov/Documents/STrack/backend/vendor/laravel/framework/src/Illuminate/Pipeline/Pipeline.php(209): Illuminate\\Foundation\\Http\\Middleware\\PreventRequestsDuringMaintenance->handle(Object(Illuminate\\Http\\Request), Object(Closure))
#37 /Users/denisbespalov/Documents/STrack/backend/vendor/laravel/framework/src/Illuminate/Http/Middleware/HandleCors.php(62): Illuminate\\Pipeline\\Pipeline->{closure:{closure:Illuminate\\Pipeline\\Pipeline::carry():184}:185}(Object(Illuminate\\Http\\Request))
#38 /Users/denisbespalov/Documents/STrack/backend/vendor/laravel/framework/src/Illuminate/Pipeline/Pipeline.php(209): Illuminate\\Http\\Middleware\\HandleCors->handle(Object(Illuminate\\Http\\Request), Object(Closure))
#39 /Users/denisbespalov/Documents/STrack/backend/vendor/laravel/framework/src/Illuminate/Http/Middleware/TrustProxies.php(58): Illuminate\\Pipeline\\Pipeline->{closure:{closure:Illuminate\\Pipeline\\Pipeline::carry():184}:185}(Object(Illuminate\\Http\\Request))
#40 /Users/denisbespalov/Documents/STrack/backend/vendor/laravel/framework/src/Illuminate/Pipeline/Pipeline.php(209): Illuminate\\Http\\Middleware\\TrustProxies->handle(Object(Illuminate\\Http\\Request), Object(Closure))
#41 /Users/denisbespalov/Documents/STrack/backend/vendor/laravel/framework/src/Illuminate/Foundation/Http/Middleware/InvokeDeferredCallbacks.php(22): Illuminate\\Pipeline\\Pipeline->{closure:{closure:Illuminate\\Pipeline\\Pipeline::carry():184}:185}(Object(Illuminate\\Http\\Request))
#42 /Users/denisbespalov/Documents/STrack/backend/vendor/laravel/framework/src/Illuminate/Pipeline/Pipeline.php(209): Illuminate\\Foundation\\Http\\Middleware\\InvokeDeferredCallbacks->handle(Object(Illuminate\\Http\\Request), Object(Closure))
#43 /Users/denisbespalov/Documents/STrack/backend/app/Http/Middleware/SetSecurityHeaders.php(13): Illuminate\\Pipeline\\Pipeline->{closure:{closure:Illuminate\\Pipeline\\Pipeline::carry():184}:185}(Object(Illuminate\\Http\\Request))
#44 /Users/denisbespalov/Documents/STrack/backend/vendor/laravel/framework/src/Illuminate/Pipeline/Pipeline.php(209): App\\Http\\Middleware\\SetSecurityHeaders->handle(Object(Illuminate\\Http\\Request), Object(Closure))
#45 /Users/denisbespalov/Documents/STrack/backend/vendor/laravel/framework/src/Illuminate/Pipeline/Pipeline.php(127): Illuminate\\Pipeline\\Pipeline->{closure:{closure:Illuminate\\Pipeline\\Pipeline::carry():184}:185}(Object(Illuminate\\Http\\Request))
#46 /Users/denisbespalov/Documents/STrack/backend/vendor/laravel/framework/src/Illuminate/Foundation/Http/Kernel.php(176): Illuminate\\Pipeline\\Pipeline->then(Object(Closure))
#47 /Users/denisbespalov/Documents/STrack/backend/vendor/laravel/framework/src/Illuminate/Foundation/Http/Kernel.php(145): Illuminate\\Foundation\\Http\\Kernel->sendRequestThroughRouter(Object(Illuminate\\Http\\Request))
#48 /Users/denisbespalov/Documents/STrack/backend/vendor/laravel/framework/src/Illuminate/Foundation/Application.php(1220): Illuminate\\Foundation\\Http\\Kernel->handle(Object(Illuminate\\Http\\Request))
#49 /Users/denisbespalov/Documents/STrack/backend/public/index.php(14): Illuminate\\Foundation\\Application->handleRequest(Object(Illuminate\\Http\\Request))
#50 /Users/denisbespalov/Documents/STrack/backend/vendor/laravel/framework/src/Illuminate/Foundation/resources/server.php(23): require_once('/Users/denisbes...')
#51 {main}
"} 
[2026-06-13 09:19:24] local.ERROR: SQLSTATE[42S02]: Base table or view not found: 1146 Table 'car_tracker.car_documents' doesn't exist (Connection: mysql, SQL: select `cars`.*, (select count(*) from `fuel_logs` where `cars`.`id` = `fuel_logs`.`car_id`) as `fuel_logs_count`, (select count(*) from `repairs` where `cars`.`id` = `repairs`.`car_id`) as `repairs_count`, (select count(*) from `mods` where `cars`.`id` = `mods`.`car_id`) as `mods_count`, (select count(*) from `car_documents` where `cars`.`id` = `car_documents`.`car_id`) as `documents_count`, (select count(*) from `wishlist_items` where `cars`.`id` = `wishlist_items`.`car_id`) as `wishlist_items_count`, (select sum(`fuel_logs`.`total_price`) from `fuel_logs` where `cars`.`id` = `fuel_logs`.`car_id`) as `fuel_logs_total_spent`, (select sum(`repairs`.`cost`) from `repairs` where `cars`.`id` = `repairs`.`car_id`) as `repairs_total_spent`, (select sum(`mods`.`cost`) from `mods` where `cars`.`id` = `mods`.`car_id`) as `mods_total_spent`, (select sum(`wishlist_items`.`estimated_price`) from `wishlist_items` where `cars`.`id` = `wishlist_items`.`car_id`) as `wishlist_total_estimated` from `cars` where `user_id` = 1 order by `brand` asc, `model` asc) {"userId":1,"exception":"[object] (Illuminate\\Database\\QueryException(code: 42S02): SQLSTATE[42S02]: Base table or view not found: 1146 Table 'car_tracker.car_documents' doesn't exist (Connection: mysql, SQL: select `cars`.*, (select count(*) from `fuel_logs` where `cars`.`id` = `fuel_logs`.`car_id`) as `fuel_logs_count`, (select count(*) from `repairs` where `cars`.`id` = `repairs`.`car_id`) as `repairs_count`, (select count(*) from `mods` where `cars`.`id` = `mods`.`car_id`) as `mods_count`, (select count(*) from `car_documents` where `cars`.`id` = `car_documents`.`car_id`) as `documents_count`, (select count(*) from `wishlist_items` where `cars`.`id` = `wishlist_items`.`car_id`) as `wishlist_items_count`, (select sum(`fuel_logs`.`total_price`) from `fuel_logs` where `cars`.`id` = `fuel_logs`.`car_id`) as `fuel_logs_total_spent`, (select sum(`repairs`.`cost`) from `repairs` where `cars`.`id` = `repairs`.`car_id`) as `repairs_total_spent`, (select sum(`mods`.`cost`) from `mods` where `cars`.`id` = `mods`.`car_id`) as `mods_total_spent`, (select sum(`wishlist_items`.`estimated_price`) from `wishlist_items` where `cars`.`id` = `wishlist_items`.`car_id`) as `wishlist_total_estimated` from `cars` where `user_id` = 1 order by `brand` asc, `model` asc) at /Users/denisbespalov/Documents/STrack/backend/vendor/laravel/framework/src/Illuminate/Database/Connection.php:825)
[stacktrace]
#0 /Users/denisbespalov/Documents/STrack/backend/vendor/laravel/framework/src/Illuminate/Database/Connection.php(779): Illuminate\\Database\\Connection->runQueryCallback('select `cars`.*...', Array, Object(Closure))
#1 /Users/denisbespalov/Documents/STrack/backend/vendor/laravel/framework/src/Illuminate/Database/Connection.php(398): Illuminate\\Database\\Connection->run('select `cars`.*...', Array, Object(Closure))
#2 /Users/denisbespalov/Documents/STrack/backend/vendor/laravel/framework/src/Illuminate/Database/Query/Builder.php(3106): Illuminate\\Database\\Connection->select('select `cars`.*...', Array, true)
#3 /Users/denisbespalov/Documents/STrack/backend/vendor/laravel/framework/src/Illuminate/Database/Query/Builder.php(3091): Illuminate\\Database\\Query\\Builder->runSelect()
#4 /Users/denisbespalov/Documents/STrack/backend/vendor/laravel/framework/src/Illuminate/Database/Query/Builder.php(3676): Illuminate\\Database\\Query\\Builder->{closure:Illuminate\\Database\\Query\\Builder::get():3090}()
#5 /Users/denisbespalov/Documents/STrack/backend/vendor/laravel/framework/src/Illuminate/Database/Query/Builder.php(3090): Illuminate\\Database\\Query\\Builder->onceWithColumns(Array, Object(Closure))
#6 /Users/denisbespalov/Documents/STrack/backend/vendor/laravel/framework/src/Illuminate/Database/Eloquent/Builder.php(811): Illuminate\\Database\\Query\\Builder->get(Array)
#7 /Users/denisbespalov/Documents/STrack/backend/vendor/laravel/framework/src/Illuminate/Database/Eloquent/Builder.php(793): Illuminate\\Database\\Eloquent\\Builder->getModels(Array)
#8 /Users/denisbespalov/Documents/STrack/backend/app/Http/Controllers/Api/CarController.php(34): Illuminate\\Database\\Eloquent\\Builder->get()
#9 /Users/denisbespalov/Documents/STrack/backend/vendor/laravel/framework/src/Illuminate/Routing/ControllerDispatcher.php(47): App\\Http\\Controllers\\Api\\CarController->index(Object(Illuminate\\Http\\Request))
#10 /Users/denisbespalov/Documents/STrack/backend/vendor/laravel/framework/src/Illuminate/Routing/Route.php(266): Illuminate\\Routing\\ControllerDispatcher->dispatch(Object(Illuminate\\Routing\\Route), Object(App\\Http\\Controllers\\Api\\CarController), 'index')
#11 /Users/denisbespalov/Documents/STrack/backend/vendor/laravel/framework/src/Illuminate/Routing/Route.php(212): Illuminate\\Routing\\Route->runController()
#12 /Users/denisbespalov/Documents/STrack/backend/vendor/laravel/framework/src/Illuminate/Routing/Router.php(808): Illuminate\\Routing\\Route->run()
#13 /Users/denisbespalov/Documents/STrack/backend/vendor/laravel/framework/src/Illuminate/Pipeline/Pipeline.php(170): Illuminate\\Routing\\Router->{closure:Illuminate\\Routing\\Router::runRouteWithinStack():807}(Object(Illuminate\\Http\\Request))
#14 /Users/denisbespalov/Documents/STrack/backend/vendor/laravel/framework/src/Illuminate/Routing/Middleware/SubstituteBindings.php(51): Illuminate\\Pipeline\\Pipeline->{closure:Illuminate\\Pipeline\\Pipeline::prepareDestination():168}(Object(Illuminate\\Http\\Request))
#15 /Users/denisbespalov/Documents/STrack/backend/vendor/laravel/framework/src/Illuminate/Pipeline/Pipeline.php(209): Illuminate\\Routing\\Middleware\\SubstituteBindings->handle(Object(Illuminate\\Http\\Request), Object(Closure))
#16 /Users/denisbespalov/Documents/STrack/backend/vendor/laravel/framework/src/Illuminate/Auth/Middleware/Authenticate.php(64): Illuminate\\Pipeline\\Pipeline->{closure:{closure:Illuminate\\Pipeline\\Pipeline::carry():184}:185}(Object(Illuminate\\Http\\Request))
#17 /Users/denisbespalov/Documents/STrack/backend/vendor/laravel/framework/src/Illuminate/Pipeline/Pipeline.php(209): Illuminate\\Auth\\Middleware\\Authenticate->handle(Object(Illuminate\\Http\\Request), Object(Closure), 'sanctum')
#18 /Users/denisbespalov/Documents/STrack/backend/vendor/laravel/framework/src/Illuminate/Pipeline/Pipeline.php(127): Illuminate\\Pipeline\\Pipeline->{closure:{closure:Illuminate\\Pipeline\\Pipeline::carry():184}:185}(Object(Illuminate\\Http\\Request))
#19 /Users/denisbespalov/Documents/STrack/backend/vendor/laravel/framework/src/Illuminate/Routing/Router.php(807): Illuminate\\Pipeline\\Pipeline->then(Object(Closure))
#20 /Users/denisbespalov/Documents/STrack/backend/vendor/laravel/framework/src/Illuminate/Routing/Router.php(786): Illuminate\\Routing\\Router->runRouteWithinStack(Object(Illuminate\\Routing\\Route), Object(Illuminate\\Http\\Request))
#21 /Users/denisbespalov/Documents/STrack/backend/vendor/laravel/framework/src/Illuminate/Routing/Router.php(750): Illuminate\\Routing\\Router->runRoute(Object(Illuminate\\Http\\Request), Object(Illuminate\\Routing\\Route))
#22 /Users/denisbespalov/Documents/STrack/backend/vendor/laravel/framework/src/Illuminate/Routing/Router.php(739): Illuminate\\Routing\\Router->dispatchToRoute(Object(Illuminate\\Http\\Request))
#23 /Users/denisbespalov/Documents/STrack/backend/vendor/laravel/framework/src/Illuminate/Foundation/Http/Kernel.php(201): Illuminate\\Routing\\Router->dispatch(Object(Illuminate\\Http\\Request))
#24 /Users/denisbespalov/Documents/STrack/backend/vendor/laravel/framework/src/Illuminate/Pipeline/Pipeline.php(170): Illuminate\\Foundation\\Http\\Kernel->{closure:Illuminate\\Foundation\\Http\\Kernel::dispatchToRouter():198}(Object(Illuminate\\Http\\Request))
#25 /Users/denisbespalov/Documents/STrack/backend/vendor/laravel/framework/src/Illuminate/Foundation/Http/Middleware/TransformsRequest.php(21): Illuminate\\Pipeline\\Pipeline->{closure:Illuminate\\Pipeline\\Pipeline::prepareDestination():168}(Object(Illuminate\\Http\\Request))
#26 /Users/denisbespalov/Documents/STrack/backend/vendor/laravel/framework/src/Illuminate/Foundation/Http/Middleware/ConvertEmptyStringsToNull.php(31): Illuminate\\Foundation\\Http\\Middleware\\TransformsRequest->handle(Object(Illuminate\\Http\\Request), Object(Closure))
#27 /Users/denisbespalov/Documents/STrack/backend/vendor/laravel/framework/src/Illuminate/Pipeline/Pipeline.php(209): Illuminate\\Foundation\\Http\\Middleware\\ConvertEmptyStringsToNull->handle(Object(Illuminate\\Http\\Request), Object(Closure))
#28 /Users/denisbespalov/Documents/STrack/backend/vendor/laravel/framework/src/Illuminate/Foundation/Http/Middleware/TransformsRequest.php(21): Illuminate\\Pipeline\\Pipeline->{closure:{closure:Illuminate\\Pipeline\\Pipeline::carry():184}:185}(Object(Illuminate\\Http\\Request))
#29 /Users/denisbespalov/Documents/STrack/backend/vendor/laravel/framework/src/Illuminate/Foundation/Http/Middleware/TrimStrings.php(51): Illuminate\\Foundation\\Http\\Middleware\\TransformsRequest->handle(Object(Illuminate\\Http\\Request), Object(Closure))
#30 /Users/denisbespalov/Documents/STrack/backend/vendor/laravel/framework/src/Illuminate/Pipeline/Pipeline.php(209): Illuminate\\Foundation\\Http\\Middleware\\TrimStrings->handle(Object(Illuminate\\Http\\Request), Object(Closure))
#31 /Users/denisbespalov/Documents/STrack/backend/vendor/laravel/framework/src/Illuminate/Http/Middleware/ValidatePostSize.php(27): Illuminate\\Pipeline\\Pipeline->{closure:{closure:Illuminate\\Pipeline\\Pipeline::carry():184}:185}(Object(Illuminate\\Http\\Request))
#32 /Users/denisbespalov/Documents/STrack/backend/vendor/laravel/framework/src/Illuminate/Pipeline/Pipeline.php(209): Illuminate\\Http\\Middleware\\ValidatePostSize->handle(Object(Illuminate\\Http\\Request), Object(Closure))
#33 /Users/denisbespalov/Documents/STrack/backend/vendor/laravel/framework/src/Illuminate/Foundation/Http/Middleware/PreventRequestsDuringMaintenance.php(110): Illuminate\\Pipeline\\Pipeline->{closure:{closure:Illuminate\\Pipeline\\Pipeline::carry():184}:185}(Object(Illuminate\\Http\\Request))
#34 /Users/denisbespalov/Documents/STrack/backend/vendor/laravel/framework/src/Illuminate/Pipeline/Pipeline.php(209): Illuminate\\Foundation\\Http\\Middleware\\PreventRequestsDuringMaintenance->handle(Object(Illuminate\\Http\\Request), Object(Closure))
#35 /Users/denisbespalov/Documents/STrack/backend/vendor/laravel/framework/src/Illuminate/Http/Middleware/HandleCors.php(62): Illuminate\\Pipeline\\Pipeline->{closure:{closure:Illuminate\\Pipeline\\Pipeline::carry():184}:185}(Object(Illuminate\\Http\\Request))
#36 /Users/denisbespalov/Documents/STrack/backend/vendor/laravel/framework/src/Illuminate/Pipeline/Pipeline.php(209): Illuminate\\Http\\Middleware\\HandleCors->handle(Object(Illuminate\\Http\\Request), Object(Closure))
#37 /Users/denisbespalov/Documents/STrack/backend/vendor/laravel/framework/src/Illuminate/Http/Middleware/TrustProxies.php(58): Illuminate\\Pipeline\\Pipeline->{closure:{closure:Illuminate\\Pipeline\\Pipeline::carry():184}:185}(Object(Illuminate\\Http\\Request))
#38 /Users/denisbespalov/Documents/STrack/backend/vendor/laravel/framework/src/Illuminate/Pipeline/Pipeline.php(209): Illuminate\\Http\\Middleware\\TrustProxies->handle(Object(Illuminate\\Http\\Request), Object(Closure))
#39 /Users/denisbespalov/Documents/STrack/backend/vendor/laravel/framework/src/Illuminate/Foundation/Http/Middleware/InvokeDeferredCallbacks.php(22): Illuminate\\Pipeline\\Pipeline->{closure:{closure:Illuminate\\Pipeline\\Pipeline::carry():184}:185}(Object(Illuminate\\Http\\Request))
#40 /Users/denisbespalov/Documents/STrack/backend/vendor/laravel/framework/src/Illuminate/Pipeline/Pipeline.php(209): Illuminate\\Foundation\\Http\\Middleware\\InvokeDeferredCallbacks->handle(Object(Illuminate\\Http\\Request), Object(Closure))
#41 /Users/denisbespalov/Documents/STrack/backend/app/Http/Middleware/SetSecurityHeaders.php(13): Illuminate\\Pipeline\\Pipeline->{closure:{closure:Illuminate\\Pipeline\\Pipeline::carry():184}:185}(Object(Illuminate\\Http\\Request))
#42 /Users/denisbespalov/Documents/STrack/backend/vendor/laravel/framework/src/Illuminate/Pipeline/Pipeline.php(209): App\\Http\\Middleware\\SetSecurityHeaders->handle(Object(Illuminate\\Http\\Request), Object(Closure))
#43 /Users/denisbespalov/Documents/STrack/backend/vendor/laravel/framework/src/Illuminate/Pipeline/Pipeline.php(127): Illuminate\\Pipeline\\Pipeline->{closure:{closure:Illuminate\\Pipeline\\Pipeline::carry():184}:185}(Object(Illuminate\\Http\\Request))
#44 /Users/denisbespalov/Documents/STrack/backend/vendor/laravel/framework/src/Illuminate/Foundation/Http/Kernel.php(176): Illuminate\\Pipeline\\Pipeline->then(Object(Closure))
#45 /Users/denisbespalov/Documents/STrack/backend/vendor/laravel/framework/src/Illuminate/Foundation/Http/Kernel.php(145): Illuminate\\Foundation\\Http\\Kernel->sendRequestThroughRouter(Object(Illuminate\\Http\\Request))
#46 /Users/denisbespalov/Documents/STrack/backend/vendor/laravel/framework/src/Illuminate/Foundation/Application.php(1220): Illuminate\\Foundation\\Http\\Kernel->handle(Object(Illuminate\\Http\\Request))
#47 /Users/denisbespalov/Documents/STrack/backend/public/index.php(14): Illuminate\\Foundation\\Application->handleRequest(Object(Illuminate\\Http\\Request))
#48 /Users/denisbespalov/Documents/STrack/backend/vendor/laravel/framework/src/Illuminate/Foundation/resources/server.php(23): require_once('/Users/denisbes...')
#49 {main}

[previous exception] [object] (PDOException(code: 42S02): SQLSTATE[42S02]: Base table or view not found: 1146 Table 'car_tracker.car_documents' doesn't exist at /Users/denisbespalov/Documents/STrack/backend/vendor/laravel/framework/src/Illuminate/Database/Connection.php:407)
[stacktrace]
#0 /Users/denisbespalov/Documents/STrack/backend/vendor/laravel/framework/src/Illuminate/Database/Connection.php(407): PDO->prepare('select `cars`.*...')
#1 /Users/denisbespalov/Documents/STrack/backend/vendor/laravel/framework/src/Illuminate/Database/Connection.php(812): Illuminate\\Database\\Connection->{closure:Illuminate\\Database\\Connection::select():398}('select `cars`.*...', Array)
#2 /Users/denisbespalov/Documents/STrack/backend/vendor/laravel/framework/src/Illuminate/Database/Connection.php(779): Illuminate\\Database\\Connection->runQueryCallback('select `cars`.*...', Array, Object(Closure))
#3 /Users/denisbespalov/Documents/STrack/backend/vendor/laravel/framework/src/Illuminate/Database/Connection.php(398): Illuminate\\Database\\Connection->run('select `cars`.*...', Array, Object(Closure))
#4 /Users/denisbespalov/Documents/STrack/backend/vendor/laravel/framework/src/Illuminate/Database/Query/Builder.php(3106): Illuminate\\Database\\Connection->select('select `cars`.*...', Array, true)
#5 /Users/denisbespalov/Documents/STrack/backend/vendor/laravel/framework/src/Illuminate/Database/Query/Builder.php(3091): Illuminate\\Database\\Query\\Builder->runSelect()
#6 /Users/denisbespalov/Documents/STrack/backend/vendor/laravel/framework/src/Illuminate/Database/Query/Builder.php(3676): Illuminate\\Database\\Query\\Builder->{closure:Illuminate\\Database\\Query\\Builder::get():3090}()
#7 /Users/denisbespalov/Documents/STrack/backend/vendor/laravel/framework/src/Illuminate/Database/Query/Builder.php(3090): Illuminate\\Database\\Query\\Builder->onceWithColumns(Array, Object(Closure))
#8 /Users/denisbespalov/Documents/STrack/backend/vendor/laravel/framework/src/Illuminate/Database/Eloquent/Builder.php(811): Illuminate\\Database\\Query\\Builder->get(Array)
#9 /Users/denisbespalov/Documents/STrack/backend/vendor/laravel/framework/src/Illuminate/Database/Eloquent/Builder.php(793): Illuminate\\Database\\Eloquent\\Builder->getModels(Array)
#10 /Users/denisbespalov/Documents/STrack/backend/app/Http/Controllers/Api/CarController.php(34): Illuminate\\Database\\Eloquent\\Builder->get()
#11 /Users/denisbespalov/Documents/STrack/backend/vendor/laravel/framework/src/Illuminate/Routing/ControllerDispatcher.php(47): App\\Http\\Controllers\\Api\\CarController->index(Object(Illuminate\\Http\\Request))
#12 /Users/denisbespalov/Documents/STrack/backend/vendor/laravel/framework/src/Illuminate/Routing/Route.php(266): Illuminate\\Routing\\ControllerDispatcher->dispatch(Object(Illuminate\\Routing\\Route), Object(App\\Http\\Controllers\\Api\\CarController), 'index')
#13 /Users/denisbespalov/Documents/STrack/backend/vendor/laravel/framework/src/Illuminate/Routing/Route.php(212): Illuminate\\Routing\\Route->runController()
#14 /Users/denisbespalov/Documents/STrack/backend/vendor/laravel/framework/src/Illuminate/Routing/Router.php(808): Illuminate\\Routing\\Route->run()
#15 /Users/denisbespalov/Documents/STrack/backend/vendor/laravel/framework/src/Illuminate/Pipeline/Pipeline.php(170): Illuminate\\Routing\\Router->{closure:Illuminate\\Routing\\Router::runRouteWithinStack():807}(Object(Illuminate\\Http\\Request))
#16 /Users/denisbespalov/Documents/STrack/backend/vendor/laravel/framework/src/Illuminate/Routing/Middleware/SubstituteBindings.php(51): Illuminate\\Pipeline\\Pipeline->{closure:Illuminate\\Pipeline\\Pipeline::prepareDestination():168}(Object(Illuminate\\Http\\Request))
#17 /Users/denisbespalov/Documents/STrack/backend/vendor/laravel/framework/src/Illuminate/Pipeline/Pipeline.php(209): Illuminate\\Routing\\Middleware\\SubstituteBindings->handle(Object(Illuminate\\Http\\Request), Object(Closure))
#18 /Users/denisbespalov/Documents/STrack/backend/vendor/laravel/framework/src/Illuminate/Auth/Middleware/Authenticate.php(64): Illuminate\\Pipeline\\Pipeline->{closure:{closure:Illuminate\\Pipeline\\Pipeline::carry():184}:185}(Object(Illuminate\\Http\\Request))
#19 /Users/denisbespalov/Documents/STrack/backend/vendor/laravel/framework/src/Illuminate/Pipeline/Pipeline.php(209): Illuminate\\Auth\\Middleware\\Authenticate->handle(Object(Illuminate\\Http\\Request), Object(Closure), 'sanctum')
#20 /Users/denisbespalov/Documents/STrack/backend/vendor/laravel/framework/src/Illuminate/Pipeline/Pipeline.php(127): Illuminate\\Pipeline\\Pipeline->{closure:{closure:Illuminate\\Pipeline\\Pipeline::carry():184}:185}(Object(Illuminate\\Http\\Request))
#21 /Users/denisbespalov/Documents/STrack/backend/vendor/laravel/framework/src/Illuminate/Routing/Router.php(807): Illuminate\\Pipeline\\Pipeline->then(Object(Closure))
#22 /Users/denisbespalov/Documents/STrack/backend/vendor/laravel/framework/src/Illuminate/Routing/Router.php(786): Illuminate\\Routing\\Router->runRouteWithinStack(Object(Illuminate\\Routing\\Route), Object(Illuminate\\Http\\Request))
#23 /Users/denisbespalov/Documents/STrack/backend/vendor/laravel/framework/src/Illuminate/Routing/Router.php(750): Illuminate\\Routing\\Router->runRoute(Object(Illuminate\\Http\\Request), Object(Illuminate\\Routing\\Route))
#24 /Users/denisbespalov/Documents/STrack/backend/vendor/laravel/framework/src/Illuminate/Routing/Router.php(739): Illuminate\\Routing\\Router->dispatchToRoute(Object(Illuminate\\Http\\Request))
#25 /Users/denisbespalov/Documents/STrack/backend/vendor/laravel/framework/src/Illuminate/Foundation/Http/Kernel.php(201): Illuminate\\Routing\\Router->dispatch(Object(Illuminate\\Http\\Request))
#26 /Users/denisbespalov/Documents/STrack/backend/vendor/laravel/framework/src/Illuminate/Pipeline/Pipeline.php(170): Illuminate\\Foundation\\Http\\Kernel->{closure:Illuminate\\Foundation\\Http\\Kernel::dispatchToRouter():198}(Object(Illuminate\\Http\\Request))
#27 /Users/denisbespalov/Documents/STrack/backend/vendor/laravel/framework/src/Illuminate/Foundation/Http/Middleware/TransformsRequest.php(21): Illuminate\\Pipeline\\Pipeline->{closure:Illuminate\\Pipeline\\Pipeline::prepareDestination():168}(Object(Illuminate\\Http\\Request))
#28 /Users/denisbespalov/Documents/STrack/backend/vendor/laravel/framework/src/Illuminate/Foundation/Http/Middleware/ConvertEmptyStringsToNull.php(31): Illuminate\\Foundation\\Http\\Middleware\\TransformsRequest->handle(Object(Illuminate\\Http\\Request), Object(Closure))
#29 /Users/denisbespalov/Documents/STrack/backend/vendor/laravel/framework/src/Illuminate/Pipeline/Pipeline.php(209): Illuminate\\Foundation\\Http\\Middleware\\ConvertEmptyStringsToNull->handle(Object(Illuminate\\Http\\Request), Object(Closure))
#30 /Users/denisbespalov/Documents/STrack/backend/vendor/laravel/framework/src/Illuminate/Foundation/Http/Middleware/TransformsRequest.php(21): Illuminate\\Pipeline\\Pipeline->{closure:{closure:Illuminate\\Pipeline\\Pipeline::carry():184}:185}(Object(Illuminate\\Http\\Request))
#31 /Users/denisbespalov/Documents/STrack/backend/vendor/laravel/framework/src/Illuminate/Foundation/Http/Middleware/TrimStrings.php(51): Illuminate\\Foundation\\Http\\Middleware\\TransformsRequest->handle(Object(Illuminate\\Http\\Request), Object(Closure))
#32 /Users/denisbespalov/Documents/STrack/backend/vendor/laravel/framework/src/Illuminate/Pipeline/Pipeline.php(209): Illuminate\\Foundation\\Http\\Middleware\\TrimStrings->handle(Object(Illuminate\\Http\\Request), Object(Closure))
#33 /Users/denisbespalov/Documents/STrack/backend/vendor/laravel/framework/src/Illuminate/Http/Middleware/ValidatePostSize.php(27): Illuminate\\Pipeline\\Pipeline->{closure:{closure:Illuminate\\Pipeline\\Pipeline::carry():184}:185}(Object(Illuminate\\Http\\Request))
#34 /Users/denisbespalov/Documents/STrack/backend/vendor/laravel/framework/src/Illuminate/Pipeline/Pipeline.php(209): Illuminate\\Http\\Middleware\\ValidatePostSize->handle(Object(Illuminate\\Http\\Request), Object(Closure))
#35 /Users/denisbespalov/Documents/STrack/backend/vendor/laravel/framework/src/Illuminate/Foundation/Http/Middleware/PreventRequestsDuringMaintenance.php(110): Illuminate\\Pipeline\\Pipeline->{closure:{closure:Illuminate\\Pipeline\\Pipeline::carry():184}:185}(Object(Illuminate\\Http\\Request))
#36 /Users/denisbespalov/Documents/STrack/backend/vendor/laravel/framework/src/Illuminate/Pipeline/Pipeline.php(209): Illuminate\\Foundation\\Http\\Middleware\\PreventRequestsDuringMaintenance->handle(Object(Illuminate\\Http\\Request), Object(Closure))
#37 /Users/denisbespalov/Documents/STrack/backend/vendor/laravel/framework/src/Illuminate/Http/Middleware/HandleCors.php(62): Illuminate\\Pipeline\\Pipeline->{closure:{closure:Illuminate\\Pipeline\\Pipeline::carry():184}:185}(Object(Illuminate\\Http\\Request))
#38 /Users/denisbespalov/Documents/STrack/backend/vendor/laravel/framework/src/Illuminate/Pipeline/Pipeline.php(209): Illuminate\\Http\\Middleware\\HandleCors->handle(Object(Illuminate\\Http\\Request), Object(Closure))
#39 /Users/denisbespalov/Documents/STrack/backend/vendor/laravel/framework/src/Illuminate/Http/Middleware/TrustProxies.php(58): Illuminate\\Pipeline\\Pipeline->{closure:{closure:Illuminate\\Pipeline\\Pipeline::carry():184}:185}(Object(Illuminate\\Http\\Request))
#40 /Users/denisbespalov/Documents/STrack/backend/vendor/laravel/framework/src/Illuminate/Pipeline/Pipeline.php(209): Illuminate\\Http\\Middleware\\TrustProxies->handle(Object(Illuminate\\Http\\Request), Object(Closure))
#41 /Users/denisbespalov/Documents/STrack/backend/vendor/laravel/framework/src/Illuminate/Foundation/Http/Middleware/InvokeDeferredCallbacks.php(22): Illuminate\\Pipeline\\Pipeline->{closure:{closure:Illuminate\\Pipeline\\Pipeline::carry():184}:185}(Object(Illuminate\\Http\\Request))
#42 /Users/denisbespalov/Documents/STrack/backend/vendor/laravel/framework/src/Illuminate/Pipeline/Pipeline.php(209): Illuminate\\Foundation\\Http\\Middleware\\InvokeDeferredCallbacks->handle(Object(Illuminate\\Http\\Request), Object(Closure))
#43 /Users/denisbespalov/Documents/STrack/backend/app/Http/Middleware/SetSecurityHeaders.php(13): Illuminate\\Pipeline\\Pipeline->{closure:{closure:Illuminate\\Pipeline\\Pipeline::carry():184}:185}(Object(Illuminate\\Http\\Request))
#44 /Users/denisbespalov/Documents/STrack/backend/vendor/laravel/framework/src/Illuminate/Pipeline/Pipeline.php(209): App\\Http\\Middleware\\SetSecurityHeaders->handle(Object(Illuminate\\Http\\Request), Object(Closure))
#45 /Users/denisbespalov/Documents/STrack/backend/vendor/laravel/framework/src/Illuminate/Pipeline/Pipeline.php(127): Illuminate\\Pipeline\\Pipeline->{closure:{closure:Illuminate\\Pipeline\\Pipeline::carry():184}:185}(Object(Illuminate\\Http\\Request))
#46 /Users/denisbespalov/Documents/STrack/backend/vendor/laravel/framework/src/Illuminate/Foundation/Http/Kernel.php(176): Illuminate\\Pipeline\\Pipeline->then(Object(Closure))
#47 /Users/denisbespalov/Documents/STrack/backend/vendor/laravel/framework/src/Illuminate/Foundation/Http/Kernel.php(145): Illuminate\\Foundation\\Http\\Kernel->sendRequestThroughRouter(Object(Illuminate\\Http\\Request))
#48 /Users/denisbespalov/Documents/STrack/backend/vendor/laravel/framework/src/Illuminate/Foundation/Application.php(1220): Illuminate\\Foundation\\Http\\Kernel->handle(Object(Illuminate\\Http\\Request))
#49 /Users/denisbespalov/Documents/STrack/backend/public/index.php(14): Illuminate\\Foundation\\Application->handleRequest(Object(Illuminate\\Http\\Request))
#50 /Users/denisbespalov/Documents/STrack/backend/vendor/laravel/framework/src/Illuminate/Foundation/resources/server.php(23): require_once('/Users/denisbes...')
#51 {main}
"} 
